customer_id,signup_date,last_login,annual_fee,subscription_type,payment_method,account_age,number_of_logins,total_spent,num_tickets_raised,avg_response_time,satisfaction_score,country,device,usage_hours_per_month,churn
D5QcTD,5/17/2024,5/11/2024,79.99,Premium,CreditCard,18,656,625.52,9,20.9,3,France,Tablet,10,false
5U7t08,5/23/2024,12/12/2023,29.99,Basic,CreditCard,34,446,2652.42,1,25.5,4,UK,Desktop,62,false
F198rB,11/6/2023,4/15/2024,29.99,Basic,UPI,30,819,4754.67,2,34.1,2,UK,Desktop,138,true
uZquzw,12/17/2023,9/10/2023,29.99,Basic,CreditCard,17,384,4203.04,19,35.7,2,Australia,Tablet,116,false
2Ex82V,10/28/2023,6/21/2024,29.99,Basic,DebitCard,8,374,3603.43,3,18.2,4,China,Mobile,96,true
N31Ci7,4/17/2024,11/7/2023,29.99,Basic,CreditCard,10,128,4807.12,13,13.7,6,Canada,Tablet,56,false
XdBL6N,6/5/2024,7/2/2023,59.99,Gold,DebitCard,4,52,2370.48,13,33.8,7,Canada,Mobile,151,false
x6v22X,5/31/2024,5/28/2024,29.99,Basic,CreditCard,17,415,4618.55,18,16.2,5,UK,Mobile,155,true
Y4uAk9,4/27/2024,12/1/2023,79.99,Premium,DebitCard,29,976,1202.75,1,29.4,3,UK,Desktop,196,false
tY0y2u,12/9/2023,12/12/2023,29.99,Basic,UPI,33,176,800.03,8,2.3,3,Brazil,Mobile,160,true
JjEvVq,10/1/2023,5/26/2024,79.99,Premium,DebitCard,36,310,3134.57,3,31.2,9,Taiwan,Desktop,69,false
RaT9el,5/25/2024,6/10/2024,59.99,Gold,DebitCard,10,662,4607.6,11,41.2,8,Australia,Mobile,174,false
1aWvcf,4/19/2024,5/26/2024,59.99,Gold,CreditCard,32,158,1711.93,20,42.1,10,Canada,Mobile,79,true
zmQ555,4/25/2024,11/10/2023,29.99,Basic,DebitCard,4,10,3399.32,4,48.0,3,UK,Desktop,103,false
O4L6t9,3/23/2024,4/16/2024,29.99,Basic,UPI,1,799,1319.75,2,28.5,7,Brazil,Mobile,38,true
Vg3RYm,3/15/2024,7/16/2023,79.99,Premium,UPI,13,702,2542.92,16,34.0,6,UK,Mobile,64,false
J209s2,5/6/2024,7/23/2023,59.99,Gold,CreditCard,20,549,2805.5,6,30.5,7,Japan,Desktop,50,true
v5LLM8,7/23/2023,8/10/2023,29.99,Basic,DebitCard,16,684,4585.63,12,22.6,6,Germany,Tablet,50,false
Uu7Kul,4/4/2024,8/5/2023,29.99,Basic,CreditCard,29,607,909.14,2,5.5,3,Brazil,Mobile,48,true
Xn9GB0,1/28/2024,3/31/2024,29.99,Basic,DebitCard,33,582,133.32,7,14.7,10,Taiwan,Mobile,175,true
1COhEK,10/11/2023,9/16/2023,29.99,Basic,CreditCard,26,7,3581.72,8,19.7,2,USA,Desktop,11,true
ee6r34,1/29/2024,9/16/2023,29.99,Basic,UPI,10,296,3863.43,9,17.4,1,China,Mobile,146,false
pZmvG0,11/8/2023,11/10/2023,29.99,Basic,DebitCard,11,132,3715.54,12,5.8,2,Australia,Mobile,177,false
0PsMoj,7/1/2023,9/27/2023,59.99,Gold,DebitCard,29,254,1644.74,15,37.9,2,Germany,Desktop,191,false
d6skiM,2/2/2024,12/14/2023,79.99,Premium,DebitCard,10,48,4648.06,6,2.1,8,France,Tablet,4,true
hiXWX2,10/16/2023,5/27/2024,79.99,Premium,CreditCard,18,607,1727.66,5,45.9,2,Canada,Tablet,101,true
Or8TeH,11/10/2023,4/26/2024,29.99,Basic,CreditCard,12,986,823.9,0,31.7,4,Taiwan,Tablet,157,true
GwW8zx,5/9/2024,12/11/2023,79.99,Premium,DebitCard,16,37,614.34,4,34.6,9,France,Mobile,136,true
1NROU8,5/29/2024,5/18/2024,79.99,Premium,CreditCard,15,500,2901.14,9,4.4,1,Brazil,Tablet,189,false
r7AXm5,5/12/2024,6/19/2024,79.99,Premium,DebitCard,34,332,406.26,11,34.7,4,China,Mobile,92,true
2rS4Ts,10/1/2023,1/8/2024,29.99,Basic,DebitCard,27,477,3038.29,15,44.7,10,USA,Tablet,118,false
uf3DYq,1/6/2024,7/19/2023,59.99,Gold,CreditCard,30,647,1849.13,3,2.6,9,China,Desktop,64,true
ebED35,8/10/2023,9/6/2023,29.99,Basic,CreditCard,33,325,769.73,19,31.8,1,Canada,Mobile,101,false
FsCnA3,2/17/2024,5/16/2024,29.99,Basic,DebitCard,26,506,330.2,7,37.4,9,UK,Mobile,177,false
3Q4R3E,6/7/2024,4/29/2024,79.99,Premium,DebitCard,31,599,3352.83,1,29.1,4,Canada,Mobile,132,true
9PUD0J,8/20/2023,3/13/2024,79.99,Premium,CreditCard,2,87,4143.75,10,12.7,4,UK,Mobile,188,false
CWXEwV,2/5/2024,9/11/2023,79.99,Premium,CreditCard,29,435,201.19,13,17.5,2,Germany,Mobile,181,false
34LgV7,2/10/2024,3/21/2024,59.99,Gold,CreditCard,23,811,1701.96,18,40.4,5,Japan,Desktop,145,false
dxNA8J,8/16/2023,12/17/2023,29.99,Basic,DebitCard,16,583,2032.95,16,46.0,4,USA,Tablet,151,false
WWP8cM,5/26/2024,10/20/2023,59.99,Gold,UPI,15,10,4336.68,17,32.9,6,France,Tablet,26,true
0Jg672,11/23/2023,1/5/2024,29.99,Basic,DebitCard,35,446,3857.56,3,17.1,7,USA,Desktop,177,false
P9x419,6/8/2024,6/3/2024,29.99,Basic,UPI,30,911,1407.74,4,45.5,6,USA,Tablet,55,true
367n5v,1/5/2024,7/7/2023,29.99,Basic,UPI,25,903,3858.04,7,36.4,5,Germany,Tablet,64,true
B89KEp,7/2/2023,1/30/2024,79.99,Premium,CreditCard,4,290,2708.42,12,37.0,8,Australia,Mobile,175,false
HML9BT,12/21/2023,1/10/2024,29.99,Basic,CreditCard,34,333,1615.45,0,11.8,9,Germany,Mobile,168,false
6d9V32,10/6/2023,1/11/2024,59.99,Gold,CreditCard,20,926,4975.28,19,42.3,3,France,Mobile,49,true
7q6xMu,5/20/2024,5/10/2024,59.99,Gold,DebitCard,11,580,2277.38,20,21.5,8,USA,Desktop,123,false
yTg4jT,1/24/2024,9/13/2023,79.99,Premium,CreditCard,5,186,1929.16,16,17.1,4,China,Mobile,81,true
dNcj91,5/28/2024,7/4/2023,59.99,Gold,DebitCard,19,867,173.46,17,41.8,8,Canada,Mobile,99,true
gX2X6R,2/4/2024,1/12/2024,59.99,Gold,CreditCard,36,212,1615.11,19,28.6,4,Canada,Desktop,5,true
70lLuy,12/5/2023,5/31/2024,29.99,Basic,DebitCard,16,250,3232.17,10,35.8,5,UK,Mobile,37,false
gbJ2o8,4/25/2024,3/23/2024,79.99,Premium,UPI,9,947,3882.14,17,27.1,2,Japan,Mobile,31,false
TBydfL,6/8/2024,6/8/2024,29.99,Basic,UPI,27,729,4932.56,12,39.7,2,Japan,Mobile,65,true
29yx5x,12/14/2023,6/3/2024,59.99,Gold,DebitCard,10,759,2448.58,15,16.4,2,Canada,Mobile,160,true
6DUkb1,2/28/2024,2/7/2024,29.99,Basic,UPI,22,914,4798.26,8,42.2,2,USA,Desktop,133,true
5M54lR,10/29/2023,1/3/2024,29.99,Basic,UPI,26,993,834.78,18,16.8,8,UK,Mobile,149,false
4Az344,8/7/2023,6/13/2024,59.99,Gold,DebitCard,2,870,2330.84,11,28.2,7,Brazil,Desktop,7,false
di8YTw,2/11/2024,12/12/2023,79.99,Premium,UPI,3,863,1000.63,16,11.9,3,China,Mobile,83,true
12YS5d,9/23/2023,2/29/2024,29.99,Basic,DebitCard,25,864,2093.58,6,18.1,9,Australia,Mobile,95,true
K53syK,12/20/2023,9/17/2023,29.99,Basic,DebitCard,36,886,822.12,8,15.5,8,Germany,Mobile,114,false
5g1r7M,1/25/2024,4/3/2024,59.99,Gold,DebitCard,24,105,771.87,3,31.7,1,UK,Desktop,21,false
S71v58,6/23/2024,8/23/2023,29.99,Basic,DebitCard,28,237,4027.36,14,22.2,1,USA,Mobile,172,true
5SjD0Q,6/1/2024,10/15/2023,79.99,Premium,UPI,7,19,841.4,5,26.8,6,USA,Mobile,76,true
XMmxd7,7/17/2023,10/19/2023,29.99,Basic,CreditCard,9,47,2003.58,1,21.4,3,Taiwan,Tablet,154,false
cpfz85,3/28/2024,8/15/2023,29.99,Basic,UPI,14,450,2938.24,10,46.0,1,Australia,Mobile,65,false
4BEajw,3/29/2024,4/22/2024,59.99,Gold,CreditCard,25,214,4284.17,7,3.1,1,France,Tablet,67,true
C10gO4,8/30/2023,5/26/2024,79.99,Premium,UPI,6,670,4835.05,2,39.7,3,Canada,Mobile,193,false
tzBGtA,4/24/2024,1/21/2024,29.99,Basic,DebitCard,25,693,3079.25,13,12.8,2,Brazil,Tablet,165,false
4vnk0J,2/16/2024,9/23/2023,79.99,Premium,CreditCard,32,858,998.3,17,20.7,5,USA,Tablet,57,true
KdH0DD,5/26/2024,4/13/2024,29.99,Basic,CreditCard,30,959,763.22,16,16.5,3,Japan,Mobile,85,true
5nPvm2,2/25/2024,2/28/2024,29.99,Basic,CreditCard,24,696,466.83,15,19.3,3,Germany,Tablet,62,false
0rSC16,1/1/2024,6/20/2024,59.99,Gold,DebitCard,24,638,4586.71,20,26.8,3,USA,Mobile,176,true
IsJ7Xl,11/17/2023,7/10/2023,59.99,Gold,CreditCard,12,76,3804.33,1,41.6,6,USA,Desktop,59,true
XXc5nU,6/15/2024,1/15/2024,59.99,Gold,CreditCard,26,699,2643.8,19,17.3,4,Germany,Desktop,53,false
4W9p4G,12/19/2023,7/22/2023,79.99,Premium,DebitCard,1,13,3221.48,12,8.6,2,USA,Mobile,21,false
W4vz8D,4/30/2024,2/4/2024,29.99,Basic,DebitCard,3,749,1503.61,19,25.9,5,China,Mobile,44,true
5bXzd7,1/7/2024,11/26/2023,79.99,Premium,UPI,3,282,814.83,7,34.8,1,Australia,Desktop,162,true
v4Gh01,8/31/2023,3/22/2024,79.99,Premium,DebitCard,36,171,2314.78,3,37.7,3,Australia,Desktop,96,false
09z1km,8/14/2023,6/8/2024,29.99,Basic,CreditCard,15,709,4017.36,20,11.2,10,Brazil,Mobile,42,true
j4H6e6,9/13/2023,6/12/2024,59.99,Gold,DebitCard,27,909,1033.78,13,32.2,8,Australia,Mobile,145,true
OGBI7F,9/2/2023,2/10/2024,59.99,Gold,DebitCard,24,971,4356.99,11,33.0,10,Brazil,Desktop,139,false
VK8h9U,10/12/2023,11/3/2023,29.99,Basic,CreditCard,17,752,98.37,7,29.1,10,Australia,Mobile,26,false
O6En9R,1/5/2024,4/2/2024,29.99,Basic,DebitCard,13,410,4499.02,2,28.1,5,UK,Mobile,171,false
zfk1WM,4/4/2024,7/29/2023,59.99,Gold,DebitCard,11,475,1316.26,6,3.6,10,Brazil,Mobile,142,false
iK8K32,7/5/2023,6/28/2024,29.99,Basic,UPI,31,888,1312.39,19,32.6,1,UK,Tablet,196,true
125vgk,2/20/2024,7/26/2023,29.99,Basic,CreditCard,8,619,726.01,15,10.2,5,Taiwan,Mobile,36,true
yc301I,7/9/2023,1/4/2024,29.99,Basic,CreditCard,3,688,1242.39,15,31.9,6,Brazil,Desktop,145,false
4PNNys,5/30/2024,8/31/2023,79.99,Premium,DebitCard,25,667,4929.24,20,24.5,5,UK,Desktop,161,false
7jp7Bq,9/6/2023,6/24/2024,59.99,Gold,DebitCard,5,519,4061.87,14,42.3,10,Japan,Desktop,101,true
qssFPE,11/15/2023,1/22/2024,59.99,Gold,UPI,11,97,3368.42,18,26.0,1,Australia,Tablet,20,true
8YV5I3,11/5/2023,9/10/2023,59.99,Gold,DebitCard,13,226,2524.92,2,46.8,6,China,Mobile,113,false
Yxe16N,7/18/2023,6/1/2024,29.99,Basic,UPI,13,871,3034.55,2,37.9,1,France,Mobile,80,true
67rata,5/2/2024,3/21/2024,29.99,Basic,UPI,13,854,3010.54,2,41.4,6,USA,Tablet,62,true
PZSyRO,8/1/2023,4/20/2024,29.99,Basic,UPI,5,362,4769.62,0,34.1,9,USA,Mobile,87,true
TWpuCi,4/5/2024,8/28/2023,59.99,Gold,UPI,21,871,4574.85,10,13.3,3,Australia,Mobile,154,false
6Stm06,1/10/2024,3/21/2024,29.99,Basic,UPI,7,531,4585.23,9,17.3,1,Germany,Tablet,15,false
96O41n,9/11/2023,3/25/2024,29.99,Basic,DebitCard,33,750,119.83,17,35.2,1,UK,Mobile,18,true
WFS6f1,4/2/2024,1/22/2024,79.99,Premium,DebitCard,30,68,2440.96,12,23.9,7,Australia,Tablet,167,true
0TUO0o,8/10/2023,4/22/2024,29.99,Basic,DebitCard,23,927,4870.57,6,3.0,9,Canada,Mobile,33,true
QdxpiG,2/25/2024,11/7/2023,29.99,Basic,UPI,5,575,1696.72,12,32.8,3,France,Mobile,157,false
y1kv67,5/14/2024,3/5/2024,29.99,Basic,UPI,16,444,2147.48,17,4.5,10,Germany,Mobile,61,true
29q9Uj,11/27/2023,6/11/2024,29.99,Basic,CreditCard,8,74,2958.4,17,38.2,3,France,Mobile,138,false
UbeEdl,12/15/2023,12/2/2023,59.99,Gold,DebitCard,32,218,285.0,0,1.7,7,Germany,Mobile,127,true
t3bD8U,8/8/2023,5/4/2024,79.99,Premium,UPI,36,17,932.02,16,26.2,7,Germany,Mobile,130,false
hK0ntM,10/29/2023,6/28/2024,29.99,Basic,CreditCard,8,16,594.55,10,45.1,9,Australia,Desktop,135,false
0yB16d,3/5/2024,11/5/2023,29.99,Basic,UPI,20,797,3512.93,18,18.1,9,USA,Desktop,186,false
92wR3A,3/30/2024,7/12/2023,29.99,Basic,DebitCard,5,944,1004.28,14,41.1,6,Japan,Mobile,5,false
L0kzEa,3/10/2024,1/31/2024,29.99,Basic,CreditCard,34,564,584.85,5,22.0,1,Canada,Desktop,23,false
1319jj,10/7/2023,5/23/2024,59.99,Gold,UPI,24,110,1356.02,6,38.2,8,Brazil,Desktop,17,true
zjjlAM,4/11/2024,5/30/2024,59.99,Gold,DebitCard,35,653,3221.47,13,21.8,3,USA,Tablet,101,false
M3X11f,1/11/2024,4/25/2024,59.99,Gold,CreditCard,23,623,198.49,15,32.7,2,Taiwan,Tablet,129,true
0306s0,1/15/2024,6/8/2024,79.99,Premium,UPI,25,303,853.91,11,12.9,10,Brazil,Mobile,67,true
b1oq16,12/22/2023,6/30/2023,59.99,Gold,CreditCard,3,694,2976.59,8,13.4,10,USA,Mobile,161,true
k5ucmO,11/29/2023,12/1/2023,29.99,Basic,CreditCard,20,375,2475.28,14,5.4,5,Australia,Mobile,109,true
0W5hl0,2/22/2024,5/23/2024,29.99,Basic,DebitCard,15,802,1593.21,0,40.9,6,Japan,Desktop,175,true
87KCR2,1/12/2024,2/5/2024,59.99,Gold,DebitCard,15,874,4923.1,10,18.4,6,Australia,Desktop,39,true
K0sXE8,3/25/2024,7/22/2023,29.99,Basic,DebitCard,23,171,1422.1,2,19.3,5,Australia,Tablet,35,false
i64v7W,12/8/2023,11/13/2023,29.99,Basic,UPI,26,800,1323.37,12,22.5,8,Canada,Mobile,187,true
jj4ncu,4/12/2024,6/23/2024,29.99,Basic,DebitCard,13,942,3577.21,19,17.9,7,Australia,Desktop,27,true
u9rkBU,12/26/2023,1/31/2024,79.99,Premium,UPI,9,136,750.38,12,47.8,5,France,Tablet,186,true
BppQNs,10/14/2023,8/1/2023,29.99,Basic,DebitCard,12,175,772.87,20,35.9,10,France,Desktop,85,true
hkKXm8,10/31/2023,2/12/2024,59.99,Gold,UPI,19,71,2658.62,4,40.5,1,France,Tablet,24,true
v166MX,9/1/2023,12/1/2023,59.99,Gold,UPI,9,795,1256.35,15,39.9,4,Australia,Desktop,30,false
E69j94,7/25/2023,9/27/2023,59.99,Gold,CreditCard,3,447,1711.76,15,41.6,6,Canada,Desktop,190,false
NFjJnP,2/22/2024,7/9/2023,59.99,Gold,DebitCard,3,30,3139.61,5,45.5,10,UK,Tablet,134,true
O5AqY7,1/11/2024,11/25/2023,59.99,Gold,DebitCard,26,688,1358.9,20,9.3,2,Canada,Tablet,64,false
6ot34d,9/27/2023,9/21/2023,59.99,Gold,CreditCard,6,247,4297.01,16,2.3,5,USA,Mobile,50,true
0Xmc4M,8/15/2023,9/1/2023,29.99,Basic,DebitCard,34,67,3025.2,18,36.5,6,USA,Mobile,32,false
F28533,4/24/2024,3/1/2024,59.99,Gold,DebitCard,12,424,890.86,20,47.9,9,China,Tablet,120,true
08B999,9/1/2023,9/16/2023,79.99,Premium,CreditCard,33,529,2734.31,16,7.3,8,Canada,Mobile,142,false
d0ZbhD,10/16/2023,2/28/2024,79.99,Premium,CreditCard,15,29,137.99,18,28.4,7,Japan,Tablet,135,false
TVnmkq,5/6/2024,5/23/2024,59.99,Gold,UPI,36,22,189.43,15,39.3,9,Germany,Mobile,95,true
20gf64,12/4/2023,6/4/2024,79.99,Premium,DebitCard,2,868,2918.08,15,24.0,3,Japan,Tablet,42,true
Xq938y,10/22/2023,9/5/2023,29.99,Basic,UPI,25,614,3322.77,14,6.7,10,France,Mobile,103,false
VU4lqN,12/5/2023,9/12/2023,59.99,Gold,CreditCard,25,640,2933.88,2,23.4,3,Brazil,Desktop,75,false
3p60JX,5/2/2024,9/26/2023,79.99,Premium,UPI,27,130,1651.07,19,5.5,3,Germany,Tablet,35,true
8rN14V,7/9/2023,4/18/2024,29.99,Basic,UPI,22,756,1927.11,17,42.3,6,Brazil,Tablet,40,false
9QNw0j,9/6/2023,10/7/2023,59.99,Gold,UPI,27,706,2710.21,11,8.0,1,France,Desktop,186,true
0pwV36,12/20/2023,4/21/2024,59.99,Gold,DebitCard,34,199,1246.23,6,25.5,3,Germany,Mobile,95,true
06ymAy,4/7/2024,10/25/2023,59.99,Gold,DebitCard,23,160,4859.79,18,19.9,4,Japan,Mobile,62,false
Ix40YB,3/31/2024,7/16/2023,29.99,Basic,DebitCard,8,888,4222.7,3,10.5,5,Australia,Desktop,129,false
Owl9qM,5/11/2024,10/12/2023,79.99,Premium,CreditCard,28,715,2156.72,14,15.0,3,Canada,Mobile,79,false
x09N1t,3/1/2024,4/10/2024,79.99,Premium,DebitCard,23,443,2389.36,11,38.2,9,China,Tablet,15,true
iK5Q2M,4/22/2024,12/24/2023,59.99,Gold,CreditCard,5,822,4116.32,17,29.6,1,USA,Tablet,30,true
r9f85K,12/18/2023,5/11/2024,59.99,Gold,UPI,17,335,3609.23,17,45.3,3,France,Mobile,55,false
JB2EQs,10/27/2023,8/20/2023,79.99,Premium,CreditCard,35,74,3678.47,13,10.6,2,Germany,Mobile,41,false
5E14r6,9/29/2023,5/20/2024,29.99,Basic,CreditCard,2,292,3915.67,1,5.0,9,Canada,Mobile,145,false
1YuC5i,10/7/2023,9/13/2023,29.99,Basic,CreditCard,21,32,3332.68,8,9.5,2,Japan,Mobile,47,true
8Qp2v1,3/21/2024,11/22/2023,59.99,Gold,CreditCard,13,612,895.97,5,10.8,4,USA,Desktop,58,false
hwac4Z,1/25/2024,5/19/2024,29.99,Basic,UPI,1,235,4543.94,2,44.7,3,USA,Mobile,189,false
ijS4W2,4/13/2024,12/19/2023,29.99,Basic,CreditCard,34,982,3517.2,15,7.9,6,USA,Desktop,117,false
kFF1XL,8/3/2023,6/21/2024,29.99,Basic,DebitCard,11,659,3490.01,8,42.9,5,France,Desktop,74,true
UUh4qp,1/2/2024,7/6/2023,29.99,Basic,DebitCard,36,93,1950.09,1,9.6,8,Germany,Desktop,18,true
mWic03,3/4/2024,10/22/2023,59.99,Gold,UPI,23,1000,1652.34,3,29.7,6,China,Mobile,85,true
lgrMW6,2/21/2024,5/22/2024,79.99,Premium,CreditCard,33,881,1961.25,15,25.3,6,Australia,Mobile,39,true
Ip9EUj,5/16/2024,7/27/2023,29.99,Basic,CreditCard,19,294,2438.76,8,27.6,8,Canada,Desktop,36,false
KF4854,6/27/2024,3/21/2024,79.99,Premium,DebitCard,25,859,331.92,4,31.3,10,China,Desktop,124,false
MW1l4D,6/27/2024,4/14/2024,59.99,Gold,UPI,24,82,2460.7,13,5.3,4,Australia,Mobile,50,false
aWou73,3/19/2024,1/20/2024,79.99,Premium,CreditCard,23,966,246.41,11,40.7,10,France,Tablet,194,true
T4uimc,4/23/2024,11/12/2023,79.99,Premium,CreditCard,11,718,1959.81,13,31.4,10,France,Tablet,102,true
s6wJ56,2/26/2024,1/24/2024,59.99,Gold,UPI,4,116,1117.43,9,11.3,4,Taiwan,Tablet,25,false
e9hbnE,9/15/2023,5/2/2024,29.99,Basic,DebitCard,3,831,3183.49,3,6.2,7,USA,Tablet,191,true
m53E9k,1/24/2024,1/16/2024,29.99,Basic,DebitCard,6,420,3372.3,18,23.8,10,USA,Mobile,78,true
2Fpe7Z,6/15/2024,10/2/2023,29.99,Basic,UPI,8,593,2143.86,8,3.5,1,Brazil,Mobile,184,false
2MO3w1,4/16/2024,8/31/2023,59.99,Gold,DebitCard,3,320,1464.71,20,27.5,10,USA,Tablet,153,false
2ark73,8/26/2023,11/25/2023,59.99,Gold,CreditCard,19,791,1865.63,17,19.3,5,Taiwan,Desktop,148,true
q40UfF,8/4/2023,4/22/2024,29.99,Basic,DebitCard,33,986,4305.46,14,30.5,6,France,Mobile,64,true
8Mmem6,3/29/2024,11/17/2023,79.99,Premium,CreditCard,4,995,59.77,3,6.7,8,Australia,Tablet,178,true
I0SQ30,4/23/2024,9/24/2023,79.99,Premium,CreditCard,13,253,1976.27,5,47.4,10,Australia,Mobile,109,true
0kaOmc,4/28/2024,6/30/2023,29.99,Basic,UPI,16,314,2491.17,11,28.8,9,China,Mobile,48,false
64V9Y2,10/25/2023,8/20/2023,59.99,Gold,CreditCard,21,926,1044.46,18,18.4,9,Australia,Mobile,133,false
BEC491,2/21/2024,9/21/2023,59.99,Gold,UPI,12,239,4813.35,16,20.4,9,China,Tablet,157,true
RXZv9W,1/20/2024,3/21/2024,59.99,Gold,CreditCard,17,103,4956.16,8,32.2,1,UK,Tablet,115,false
2219jf,12/29/2023,2/16/2024,29.99,Basic,UPI,1,72,2018.21,18,32.4,10,USA,Mobile,30,true
DXw44Z,11/2/2023,2/16/2024,59.99,Gold,CreditCard,5,364,3883.84,4,4.1,8,UK,Mobile,10,true
e5YtyO,10/21/2023,12/20/2023,29.99,Basic,DebitCard,12,601,4730.34,1,10.3,8,USA,Tablet,41,true
rFY27R,3/28/2024,3/27/2024,79.99,Premium,CreditCard,12,196,3748.05,12,45.7,5,USA,Tablet,151,false
74oli7,9/12/2023,3/4/2024,29.99,Basic,UPI,13,10,879.53,5,14.0,8,Germany,Mobile,53,false
jXFHon,6/25/2024,7/13/2023,79.99,Premium,UPI,31,852,3792.19,2,31.2,2,USA,Desktop,115,true
V0rUa6,4/19/2024,3/30/2024,29.99,Basic,UPI,20,1000,3164.95,7,43.0,1,France,Desktop,15,true
8nyMjG,5/20/2024,2/29/2024,29.99,Basic,CreditCard,21,57,3960.11,8,46.9,10,USA,Tablet,0,false
w6qzP1,12/29/2023,8/10/2023,59.99,Gold,DebitCard,33,209,3708.43,15,20.9,1,Brazil,Tablet,17,false
tb9ox6,11/28/2023,1/18/2024,29.99,Basic,CreditCard,26,698,4475.8,0,46.2,6,Canada,Mobile,143,false
S9F1et,6/19/2024,4/19/2024,59.99,Gold,UPI,26,88,3764.47,10,38.6,5,France,Mobile,93,true
ra5wok,9/13/2023,8/24/2023,59.99,Gold,CreditCard,10,831,2724.9,13,2.1,3,Germany,Mobile,164,false
Hjsl8Z,2/12/2024,7/27/2023,29.99,Basic,CreditCard,24,464,1489.33,12,3.9,7,UK,Tablet,1,false
tX736N,7/24/2023,10/10/2023,29.99,Basic,UPI,33,688,4507.37,10,13.8,8,Japan,Tablet,12,true
En91to,7/11/2023,9/15/2023,59.99,Gold,UPI,21,266,1525.12,1,31.2,1,UK,Mobile,161,false
3870CK,10/25/2023,4/6/2024,79.99,Premium,DebitCard,11,953,985.08,14,31.7,9,Germany,Mobile,142,false
RH11a9,5/31/2024,3/11/2024,59.99,Gold,DebitCard,15,568,4711.38,6,31.5,7,France,Mobile,112,false
XUAyFe,3/4/2024,1/4/2024,29.99,Basic,DebitCard,32,295,214.89,16,41.8,4,Germany,Tablet,99,true
kz5nqy,2/19/2024,12/16/2023,79.99,Premium,CreditCard,21,469,4482.25,6,17.4,4,Australia,Mobile,90,true
L8j1lj,5/12/2024,1/6/2024,29.99,Basic,DebitCard,35,271,2165.71,2,16.5,5,USA,Desktop,104,true
H5O2XA,1/8/2024,12/16/2023,59.99,Gold,UPI,25,292,4024.54,14,39.3,8,UK,Mobile,31,true
nioE96,9/10/2023,5/6/2024,29.99,Basic,CreditCard,36,964,143.93,19,27.9,6,Australia,Tablet,7,true
OEIs3z,5/11/2024,6/6/2024,59.99,Gold,UPI,29,39,3104.79,5,22.4,6,UK,Mobile,25,true
P0r422,12/13/2023,4/16/2024,29.99,Basic,DebitCard,24,397,4275.36,10,40.9,4,Brazil,Mobile,187,true
71A1i0,3/29/2024,6/10/2024,29.99,Basic,DebitCard,14,596,2761.45,2,13.2,7,Taiwan,Mobile,76,false
03DHm9,5/22/2024,7/31/2023,29.99,Basic,CreditCard,27,69,345.53,14,27.9,9,UK,Desktop,32,true
uEx6Df,11/7/2023,6/17/2024,29.99,Basic,UPI,11,571,4417.19,15,33.3,10,Brazil,Tablet,28,true
u3lW9b,9/28/2023,9/24/2023,29.99,Basic,CreditCard,19,153,2771.07,12,43.3,1,USA,Desktop,188,false
6P96dV,1/19/2024,1/10/2024,29.99,Basic,UPI,2,489,1806.86,12,16.7,5,Germany,Desktop,14,false
3C69U0,4/20/2024,6/9/2024,29.99,Basic,CreditCard,4,937,137.26,1,20.5,4,Germany,Desktop,18,true
C45hz9,7/25/2023,9/10/2023,29.99,Basic,CreditCard,17,808,653.08,13,24.1,10,Japan,Mobile,160,false
10OQuM,9/19/2023,4/11/2024,59.99,Gold,CreditCard,27,325,4857.65,0,22.8,1,UK,Tablet,47,true
Pseb82,1/2/2024,9/30/2023,79.99,Premium,CreditCard,5,583,1511.33,16,4.5,5,Japan,Mobile,154,true
6cv6Qo,12/13/2023,8/26/2023,59.99,Gold,CreditCard,19,76,3669.77,16,44.5,9,Canada,Tablet,125,true
gl79Em,12/2/2023,12/17/2023,59.99,Gold,UPI,8,993,703.48,18,39.2,10,USA,Tablet,78,false
5UFwjf,7/29/2023,9/3/2023,59.99,Gold,CreditCard,1,329,4608.21,12,31.3,8,USA,Tablet,64,false
6Sy84v,3/25/2024,4/2/2024,29.99,Basic,CreditCard,2,638,4712.5,3,20.8,9,France,Desktop,109,false
3jsfC6,8/25/2023,11/27/2023,59.99,Gold,UPI,13,145,4949.65,10,25.1,8,Canada,Tablet,14,true
23H15c,7/22/2023,7/22/2023,79.99,Premium,DebitCard,20,616,1112.94,15,16.1,4,Australia,Tablet,152,true
6DeYNX,5/21/2024,7/14/2023,29.99,Basic,CreditCard,15,559,407.65,16,8.3,4,Germany,Desktop,142,false
a610v8,3/30/2024,11/25/2023,29.99,Basic,CreditCard,14,687,2407.94,13,28.7,3,Japan,Mobile,114,false
xERV4g,7/4/2023,8/27/2023,29.99,Basic,DebitCard,19,225,3696.83,0,35.0,3,Germany,Mobile,140,false
ywTnEt,6/10/2024,5/20/2024,29.99,Basic,CreditCard,19,409,4849.55,20,10.1,10,Germany,Desktop,196,false
8G070u,11/4/2023,9/2/2023,29.99,Basic,DebitCard,15,384,4186.89,6,10.0,6,Canada,Mobile,68,false
abd00T,12/5/2023,9/5/2023,79.99,Premium,CreditCard,27,349,193.83,0,19.4,3,Australia,Desktop,18,true
TBD4yo,7/2/2023,10/14/2023,29.99,Basic,CreditCard,8,702,465.25,0,16.1,6,France,Desktop,165,true
K3m79b,11/24/2023,1/21/2024,59.99,Gold,UPI,13,602,486.96,1,3.4,2,Canada,Tablet,106,false
Q2jm4Q,7/9/2023,3/2/2024,29.99,Basic,DebitCard,29,90,3271.66,1,31.4,9,Canada,Tablet,181,false
VB8L79,10/5/2023,1/8/2024,29.99,Basic,UPI,9,891,2545.22,14,26.3,6,Canada,Tablet,8,false
AQM4U2,4/25/2024,3/12/2024,59.99,Gold,CreditCard,24,386,3062.68,3,27.2,10,Japan,Mobile,35,false
6Ix5B4,8/31/2023,11/3/2023,59.99,Gold,CreditCard,14,913,4635.41,2,37.4,4,USA,Desktop,22,false
i9ZQZ6,7/23/2023,1/18/2024,79.99,Premium,DebitCard,7,794,3890.7,6,15.0,3,USA,Tablet,93,false
2lRARw,3/26/2024,9/27/2023,29.99,Basic,CreditCard,3,345,1848.68,4,6.8,7,UK,Mobile,187,true
050YtK,6/29/2023,1/11/2024,59.99,Gold,UPI,19,632,974.24,1,24.2,1,UK,Tablet,106,true
udziH5,10/9/2023,3/5/2024,29.99,Basic,CreditCard,17,405,3576.31,1,14.2,8,USA,Tablet,93,false
3oA97y,8/24/2023,9/13/2023,29.99,Basic,CreditCard,13,33,2109.58,9,23.7,9,Canada,Tablet,139,true
94eKtx,11/26/2023,1/2/2024,79.99,Premium,CreditCard,15,631,4921.5,13,13.4,5,Australia,Mobile,72,true
ZPdemr,2/22/2024,10/18/2023,59.99,Gold,UPI,16,476,421.83,15,39.1,5,Germany,Desktop,173,false
ycb4k3,11/11/2023,1/27/2024,59.99,Gold,CreditCard,5,982,3890.34,2,9.6,6,Brazil,Tablet,48,true
9cc8yL,12/25/2023,11/15/2023,29.99,Basic,CreditCard,2,933,3172.92,0,12.4,2,France,Mobile,153,false
YuEd7Q,2/24/2024,6/5/2024,29.99,Basic,DebitCard,9,200,4707.96,10,14.7,7,Taiwan,Desktop,34,false
1vTjqb,12/24/2023,12/11/2023,29.99,Basic,UPI,15,754,4556.48,20,26.1,10,France,Mobile,171,false
SDrX5o,8/11/2023,6/10/2024,59.99,Gold,CreditCard,23,363,123.63,18,42.7,8,China,Mobile,109,false
yk6Aph,10/13/2023,7/8/2023,79.99,Premium,DebitCard,22,479,899.14,0,6.7,1,Germany,Mobile,6,false
V6rn4h,5/22/2024,1/16/2024,29.99,Basic,CreditCard,8,817,2656.55,4,7.6,3,China,Tablet,44,false
7thx1W,1/5/2024,11/17/2023,29.99,Basic,CreditCard,20,874,4790.92,16,44.0,4,Japan,Tablet,116,false
5VWNHU,10/15/2023,12/1/2023,59.99,Gold,DebitCard,28,967,3161.24,7,19.9,7,UK,Mobile,74,false
339LFJ,5/28/2024,6/2/2024,29.99,Basic,UPI,26,852,4227.55,10,47.9,9,USA,Desktop,29,true
TpNBU3,8/11/2023,4/19/2024,29.99,Basic,CreditCard,25,982,4941.14,0,29.7,7,China,Mobile,77,true
Ie4i7y,6/28/2024,11/11/2023,29.99,Basic,DebitCard,20,834,3722.1,6,25.1,7,China,Tablet,53,true
vccTKV,1/27/2024,1/19/2024,29.99,Basic,DebitCard,13,110,3225.78,5,29.7,4,Canada,Tablet,9,true
4f9gu1,4/21/2024,7/4/2023,59.99,Gold,UPI,34,745,3802.76,10,16.4,10,Australia,Mobile,59,true
3ya17r,11/14/2023,1/20/2024,29.99,Basic,UPI,26,245,3893.0,2,39.0,10,USA,Mobile,7,false
z6vX23,4/1/2024,7/31/2023,29.99,Basic,UPI,23,49,637.46,19,38.0,7,France,Tablet,97,true
yn8jeY,8/28/2023,7/3/2023,79.99,Premium,CreditCard,21,655,4408.29,6,37.3,10,Japan,Desktop,105,true
GY5V2q,3/14/2024,10/13/2023,59.99,Gold,DebitCard,3,594,3267.7,19,11.6,3,Canada,Tablet,192,false
m64Jsl,12/31/2023,7/30/2023,29.99,Basic,CreditCard,30,23,2032.59,5,11.4,4,Brazil,Mobile,60,true
g1GIwh,10/7/2023,12/11/2023,29.99,Basic,DebitCard,10,89,1003.86,4,29.8,10,Germany,Mobile,118,false
69A7tA,8/18/2023,11/19/2023,29.99,Basic,DebitCard,12,768,4277.98,3,19.1,10,Australia,Mobile,62,true
7qN7c6,12/6/2023,7/25/2023,59.99,Gold,UPI,24,813,3737.72,1,14.8,6,UK,Desktop,107,false
WHEruv,6/20/2024,1/23/2024,29.99,Basic,CreditCard,22,96,832.52,1,40.7,9,Canada,Mobile,160,true
qi5gKV,6/28/2024,6/19/2024,29.99,Basic,CreditCard,3,403,4634.52,9,10.7,4,China,Mobile,98,true
rSH6sz,10/31/2023,3/30/2024,29.99,Basic,DebitCard,7,529,2235.33,16,27.5,5,USA,Tablet,83,false
7ODCIh,12/15/2023,4/7/2024,59.99,Gold,CreditCard,11,40,1210.02,8,7.8,8,China,Desktop,124,false
380e3L,6/28/2024,6/15/2024,29.99,Basic,DebitCard,36,409,4058.78,1,39.7,5,USA,Desktop,150,true
V7TS9q,6/30/2023,3/17/2024,59.99,Gold,CreditCard,35,253,2889.02,1,4.0,7,Australia,Mobile,73,false
smnRgh,3/4/2024,1/5/2024,29.99,Basic,CreditCard,19,418,456.4,9,45.5,5,Australia,Mobile,25,true
K1i6Na,6/24/2024,6/11/2024,59.99,Gold,DebitCard,7,759,1973.28,16,4.6,2,USA,Tablet,150,true
ZU0UKK,1/14/2024,11/17/2023,79.99,Premium,CreditCard,2,624,1341.29,4,32.0,6,USA,Mobile,1,true
3oGD6g,3/4/2024,9/23/2023,59.99,Gold,DebitCard,14,351,957.42,5,5.8,6,Japan,Mobile,87,true
MPQ7Mv,12/29/2023,11/11/2023,79.99,Premium,DebitCard,21,932,4968.49,8,6.1,4,Taiwan,Mobile,196,false
Y3uBIg,11/28/2023,6/6/2024,29.99,Basic,DebitCard,29,511,4185.08,5,18.5,2,Australia,Desktop,73,true
bCx9XK,8/3/2023,8/15/2023,79.99,Premium,UPI,2,24,499.17,20,28.1,6,Canada,Mobile,44,true
H8pl61,8/17/2023,11/3/2023,29.99,Basic,CreditCard,12,567,1484.29,10,27.5,10,China,Mobile,73,false
z889nJ,6/20/2024,8/12/2023,29.99,Basic,UPI,2,757,1483.86,18,2.8,10,UK,Tablet,136,true
fjag2d,1/17/2024,7/19/2023,59.99,Gold,DebitCard,16,271,1510.74,8,21.7,5,UK,Desktop,41,false
a16l7K,4/4/2024,5/25/2024,59.99,Gold,DebitCard,15,171,2976.99,7,10.1,2,Australia,Tablet,183,true
M2Df5N,5/22/2024,7/29/2023,59.99,Gold,DebitCard,26,170,2007.53,11,9.5,10,France,Desktop,102,true
v2mh0u,10/28/2023,2/3/2024,29.99,Basic,DebitCard,22,756,642.78,10,47.9,5,Taiwan,Tablet,64,true
qT0KS9,8/24/2023,2/11/2024,79.99,Premium,CreditCard,11,894,3346.12,12,8.8,5,Canada,Mobile,120,false
jpedHO,11/15/2023,9/13/2023,79.99,Premium,DebitCard,3,349,3228.9,6,24.7,6,UK,Tablet,166,true
hAz2Q5,4/24/2024,6/9/2024,79.99,Premium,CreditCard,8,108,353.26,5,1.5,4,USA,Desktop,147,true
5H0eqT,7/16/2023,10/5/2023,79.99,Premium,DebitCard,10,159,4621.85,17,12.6,2,USA,Mobile,121,true
64P6y3,3/1/2024,8/11/2023,59.99,Gold,DebitCard,21,403,3219.23,9,37.3,9,France,Mobile,87,true
hN4Snx,9/4/2023,9/15/2023,59.99,Gold,CreditCard,7,648,2600.33,11,12.5,7,Brazil,Mobile,182,true
f6XCvP,8/5/2023,4/5/2024,29.99,Basic,UPI,17,108,576.87,3,34.6,3,Australia,Mobile,78,false
XEL91s,9/29/2023,3/27/2024,59.99,Gold,CreditCard,9,903,4473.44,3,23.5,7,Canada,Desktop,28,false
7mVud4,12/23/2023,8/17/2023,29.99,Basic,DebitCard,35,346,3233.79,1,3.2,8,Taiwan,Desktop,52,true
zMTLn4,6/12/2024,11/11/2023,29.99,Basic,DebitCard,31,127,4508.49,20,7.8,8,Brazil,Mobile,44,true
uWz3BQ,1/29/2024,5/20/2024,59.99,Gold,CreditCard,19,598,2926.93,8,28.3,2,Taiwan,Mobile,84,false
Sj1Lpl,6/1/2024,9/30/2023,59.99,Gold,CreditCard,29,603,4750.38,5,32.4,6,France,Desktop,184,true
rB1eel,4/13/2024,5/30/2024,29.99,Basic,DebitCard,33,332,2697.6,19,35.0,9,Germany,Tablet,101,false
5if4vB,1/7/2024,8/2/2023,29.99,Basic,CreditCard,32,976,1023.95,7,44.3,10,France,Mobile,181,true
392Iw1,4/12/2024,11/6/2023,29.99,Basic,DebitCard,28,977,1126.41,11,40.7,6,Canada,Mobile,189,true
B4i9Nx,8/3/2023,7/9/2023,59.99,Gold,UPI,28,349,4083.15,2,45.9,10,Japan,Tablet,143,true
583l94,11/25/2023,11/24/2023,79.99,Premium,UPI,10,790,609.3,1,3.7,10,Brazil,Mobile,61,false
yzqI51,4/1/2024,11/20/2023,79.99,Premium,DebitCard,18,255,2827.48,16,35.9,8,UK,Tablet,47,false
1wJ396,7/30/2023,6/2/2024,29.99,Basic,CreditCard,23,21,815.39,12,12.3,3,Brazil,Mobile,152,false
x8fEt2,6/9/2024,6/4/2024,29.99,Basic,UPI,15,969,2550.52,1,26.7,10,France,Tablet,64,true
YXa37l,4/17/2024,1/27/2024,29.99,Basic,CreditCard,31,255,4277.42,1,2.2,10,UK,Tablet,178,true
jy5QQ6,10/17/2023,6/19/2024,29.99,Basic,UPI,15,517,489.62,0,20.2,9,UK,Mobile,157,false
blBWyL,5/18/2024,8/8/2023,29.99,Basic,CreditCard,22,806,3034.45,13,11.1,4,USA,Desktop,184,false
rwG1NL,9/24/2023,3/1/2024,79.99,Premium,UPI,32,357,1380.92,6,30.6,7,Australia,Mobile,190,false
xvn74i,7/17/2023,1/20/2024,29.99,Basic,CreditCard,23,455,2203.09,6,45.5,7,Canada,Mobile,17,true
x4ilSH,7/20/2023,1/8/2024,79.99,Premium,CreditCard,23,553,2315.64,6,14.1,7,UK,Mobile,172,false
SZab1n,4/2/2024,1/27/2024,59.99,Gold,CreditCard,16,896,2875.12,1,18.6,7,USA,Tablet,142,false
8hRf5R,7/31/2023,3/6/2024,29.99,Basic,DebitCard,23,817,3189.91,7,20.0,7,Taiwan,Desktop,55,false
0NANrd,11/13/2023,12/15/2023,29.99,Basic,CreditCard,21,815,3346.16,18,22.1,6,Taiwan,Tablet,39,true
IQs5u5,1/1/2024,7/26/2023,29.99,Basic,DebitCard,35,776,1962.66,5,32.4,8,Japan,Desktop,167,true
4v35qP,10/14/2023,1/23/2024,29.99,Basic,CreditCard,34,143,249.08,2,41.9,3,Canada,Desktop,186,true
16q2G9,10/25/2023,12/18/2023,29.99,Basic,DebitCard,27,467,462.24,4,11.2,10,Japan,Mobile,156,true
20z7Gw,6/11/2024,8/27/2023,29.99,Basic,UPI,22,944,2734.86,18,3.4,2,Australia,Tablet,149,true
01QC5g,6/21/2024,12/28/2023,29.99,Basic,UPI,25,316,1949.36,14,38.8,3,USA,Mobile,76,false
MMf8qz,5/5/2024,5/27/2024,29.99,Basic,DebitCard,29,559,144.24,8,6.9,7,China,Mobile,148,false
VsD966,4/8/2024,2/13/2024,29.99,Basic,UPI,10,198,279.84,14,43.2,8,USA,Mobile,10,true
7X66xZ,4/23/2024,9/23/2023,29.99,Basic,UPI,32,422,2220.52,13,43.3,3,USA,Desktop,20,true
RAcLEG,7/19/2023,10/31/2023,29.99,Basic,UPI,35,460,2475.72,18,39.1,9,China,Desktop,112,false
s17K28,6/1/2024,2/15/2024,59.99,Gold,DebitCard,4,293,3181.0,10,1.6,2,France,Mobile,180,true
pw2r00,1/15/2024,8/29/2023,29.99,Basic,UPI,3,831,1568.66,6,42.7,2,Japan,Mobile,112,false
Z9914Z,1/5/2024,3/3/2024,59.99,Gold,UPI,10,67,2446.02,10,41.9,10,France,Desktop,37,true
NDGf4G,12/18/2023,11/10/2023,59.99,Gold,UPI,27,33,3332.92,6,7.9,2,France,Mobile,42,true
pZx7qJ,9/2/2023,2/14/2024,29.99,Basic,DebitCard,1,460,1772.07,2,18.8,8,France,Mobile,147,true
R5iEbG,12/6/2023,6/7/2024,29.99,Basic,DebitCard,13,190,3322.51,16,16.3,7,Canada,Tablet,7,true
kFZH1I,5/27/2024,12/25/2023,29.99,Basic,UPI,4,472,3609.14,17,18.4,2,Brazil,Desktop,116,false
QR635q,12/21/2023,5/1/2024,59.99,Gold,DebitCard,17,378,3432.72,0,1.3,10,Australia,Mobile,24,false
0RViuB,11/24/2023,11/3/2023,29.99,Basic,UPI,14,595,1154.83,5,11.6,7,USA,Mobile,84,true
h0wAEV,5/19/2024,7/29/2023,29.99,Basic,CreditCard,5,725,7.17,0,9.3,10,Canada,Desktop,190,false
I2B4nT,10/1/2023,10/19/2023,29.99,Basic,DebitCard,14,583,3121.0,13,26.8,6,USA,Tablet,184,true
j6NT22,10/4/2023,10/30/2023,79.99,Premium,UPI,35,358,4071.01,14,5.4,8,Brazil,Tablet,130,true
m20w3M,3/28/2024,7/4/2023,79.99,Premium,DebitCard,17,143,4532.37,9,26.5,4,UK,Desktop,13,false
48qXZ7,6/2/2024,2/26/2024,29.99,Basic,DebitCard,31,834,591.04,12,26.3,7,USA,Tablet,12,false
8eqPt0,3/5/2024,5/11/2024,29.99,Basic,DebitCard,15,597,2157.88,16,47.6,10,Canada,Mobile,139,false
eiHxws,5/30/2024,12/1/2023,29.99,Basic,DebitCard,18,104,4928.63,14,34.2,5,USA,Mobile,9,true
rQ2sU4,2/13/2024,3/29/2024,59.99,Gold,UPI,5,594,2500.77,7,42.7,3,China,Tablet,14,true
WXaDpy,12/5/2023,3/8/2024,29.99,Basic,DebitCard,15,779,1998.55,14,15.4,9,France,Mobile,56,true
829C1T,2/12/2024,11/16/2023,29.99,Basic,CreditCard,31,192,3478.56,14,1.9,9,Australia,Tablet,172,false
1dkwoT,1/14/2024,11/12/2023,29.99,Basic,CreditCard,15,410,2767.25,12,27.1,4,Canada,Mobile,158,false
257ufW,9/28/2023,11/17/2023,59.99,Gold,UPI,26,604,2489.79,12,35.9,6,Australia,Desktop,132,true
UQ59QH,9/7/2023,10/7/2023,29.99,Basic,DebitCard,25,704,1466.81,13,47.0,10,France,Tablet,191,true
i5oYND,4/25/2024,7/5/2023,29.99,Basic,CreditCard,25,727,1388.24,8,3.4,7,Australia,Desktop,80,false
l4ybUK,7/9/2023,1/25/2024,29.99,Basic,UPI,28,290,198.6,3,39.8,9,France,Desktop,11,false
Yv1KHz,6/14/2024,2/6/2024,29.99,Basic,UPI,29,574,1439.86,19,14.1,10,Canada,Tablet,153,true
P64v2I,3/31/2024,7/21/2023,29.99,Basic,UPI,25,220,3956.89,7,10.8,2,Australia,Mobile,167,true
NDoD43,9/15/2023,3/30/2024,29.99,Basic,CreditCard,14,799,4617.77,8,19.7,1,Brazil,Tablet,117,true
He8jUI,8/6/2023,1/4/2024,29.99,Basic,CreditCard,33,56,2724.1,15,27.8,5,USA,Tablet,52,true
ENlEif,9/5/2023,4/30/2024,79.99,Premium,DebitCard,14,98,3693.54,16,39.8,1,Canada,Tablet,49,true
NIxWwv,10/7/2023,5/5/2024,29.99,Basic,DebitCard,1,986,3160.19,17,4.4,1,Australia,Mobile,151,true
3gQkSU,2/1/2024,11/4/2023,59.99,Gold,DebitCard,35,733,571.42,4,43.8,3,USA,Desktop,122,false
nkzaM5,7/28/2023,10/29/2023,59.99,Gold,UPI,6,724,1661.98,6,10.6,6,UK,Desktop,38,true
tKFCNZ,7/4/2023,2/11/2024,29.99,Basic,UPI,15,149,3413.53,14,17.5,1,Germany,Desktop,75,false
4zII5x,5/21/2024,10/17/2023,29.99,Basic,CreditCard,9,207,1643.56,14,23.9,5,Australia,Tablet,181,false
Ai0YTv,11/6/2023,6/29/2023,29.99,Basic,UPI,25,230,288.13,5,24.6,9,UK,Tablet,160,true
AQKhpU,1/11/2024,3/23/2024,29.99,Basic,CreditCard,17,575,1773.23,16,27.8,5,UK,Mobile,166,false
6fBk2z,1/15/2024,8/17/2023,29.99,Basic,UPI,30,993,161.88,19,11.1,4,USA,Mobile,113,true
DKXFm5,2/3/2024,8/25/2023,59.99,Gold,DebitCard,3,291,3504.94,5,39.3,8,Germany,Mobile,102,true
6ukdJQ,3/5/2024,8/17/2023,59.99,Gold,DebitCard,24,89,1604.02,19,28.4,10,USA,Desktop,200,false
nT8ToG,7/12/2023,8/28/2023,29.99,Basic,DebitCard,24,59,3752.76,10,40.7,1,Germany,Mobile,98,false
ou5C0F,4/28/2024,7/2/2023,29.99,Basic,DebitCard,23,788,4887.23,10,44.8,8,China,Desktop,3,true
98g9oR,3/4/2024,4/25/2024,29.99,Basic,CreditCard,26,877,4550.04,20,47.1,8,China,Tablet,129,true
5KdZ61,1/25/2024,10/30/2023,59.99,Gold,UPI,1,798,4565.69,3,14.1,7,UK,Desktop,190,true
xD0yOS,12/23/2023,5/3/2024,79.99,Premium,CreditCard,2,831,3290.91,0,44.3,7,Brazil,Desktop,137,true
ba6L2Z,8/23/2023,6/17/2024,29.99,Basic,DebitCard,13,586,4603.34,0,11.9,9,USA,Mobile,103,true
h5By0h,4/8/2024,12/3/2023,29.99,Basic,UPI,29,9,3578.64,14,15.5,4,Canada,Mobile,125,true
VhsK8M,8/26/2023,8/8/2023,79.99,Premium,CreditCard,20,761,3578.51,8,26.5,6,UK,Desktop,39,true
Svx5dQ,7/24/2023,11/12/2023,79.99,Premium,DebitCard,11,149,1435.02,18,3.5,10,Canada,Mobile,166,true
RVnrqV,4/15/2024,8/30/2023,29.99,Basic,CreditCard,34,549,1700.91,0,21.4,5,Japan,Tablet,89,true
shW2QM,3/1/2024,8/4/2023,59.99,Gold,UPI,29,791,3424.3,20,40.0,4,Japan,Mobile,94,false
293Yn3,1/30/2024,1/21/2024,29.99,Basic,CreditCard,31,234,2185.69,5,46.8,9,France,Desktop,140,false
qw7kDs,8/18/2023,12/15/2023,29.99,Basic,CreditCard,5,537,3314.27,20,8.8,5,Taiwan,Desktop,71,false
03go5R,4/30/2024,1/10/2024,29.99,Basic,DebitCard,24,554,1919.27,12,33.7,7,UK,Desktop,179,true
D6dCxn,10/20/2023,2/11/2024,59.99,Gold,DebitCard,8,997,1419.06,2,11.6,2,China,Desktop,38,false
ED29gc,1/16/2024,5/16/2024,29.99,Basic,UPI,7,559,1574.47,16,34.8,3,Australia,Mobile,4,false
S827uw,7/16/2023,10/5/2023,29.99,Basic,UPI,36,822,3801.87,9,37.7,8,Taiwan,Mobile,15,true
mQWroA,12/10/2023,12/2/2023,59.99,Gold,CreditCard,36,317,534.54,7,12.8,7,UK,Mobile,107,false
0BJ481,6/3/2024,8/15/2023,29.99,Basic,DebitCard,3,341,406.08,3,37.9,3,Australia,Desktop,179,false
bAyE3A,7/2/2023,3/25/2024,79.99,Premium,UPI,5,824,710.97,5,4.2,1,Australia,Desktop,184,true
C972uV,9/24/2023,10/29/2023,29.99,Basic,UPI,34,948,3713.33,2,34.8,7,Australia,Mobile,168,true
1jLLVJ,12/15/2023,4/16/2024,59.99,Gold,CreditCard,34,876,2101.34,18,10.4,2,France,Mobile,7,false
s2pPc2,1/6/2024,10/21/2023,29.99,Basic,CreditCard,3,132,4240.83,15,30.2,2,Japan,Mobile,135,false
yliO0y,12/21/2023,3/25/2024,79.99,Premium,UPI,24,36,3030.01,13,1.8,9,Japan,Tablet,110,true
21CAoM,8/20/2023,9/4/2023,29.99,Basic,DebitCard,6,130,677.13,18,41.0,4,Germany,Tablet,182,true
IpdUc1,3/4/2024,5/16/2024,29.99,Basic,UPI,5,487,3382.28,1,40.4,6,Brazil,Mobile,123,true
06gLxI,5/17/2024,2/8/2024,29.99,Basic,DebitCard,12,16,4104.09,12,29.9,2,USA,Tablet,147,false
lzf8vs,11/30/2023,11/4/2023,29.99,Basic,UPI,4,565,3461.7,5,42.6,7,UK,Desktop,47,false
i4yaa9,12/17/2023,6/16/2024,29.99,Basic,DebitCard,10,610,2606.33,19,35.6,1,France,Desktop,28,false
Bsy27P,6/30/2023,1/15/2024,59.99,Gold,CreditCard,24,626,4412.25,4,41.1,8,China,Desktop,199,true
kQcWyh,5/25/2024,5/7/2024,59.99,Gold,UPI,6,650,1583.99,10,17.9,9,Canada,Mobile,28,false
4KAXuR,10/28/2023,2/13/2024,29.99,Basic,CreditCard,2,903,1857.57,20,6.8,2,UK,Mobile,46,false
iMDC6U,3/15/2024,6/6/2024,29.99,Basic,UPI,16,391,2528.34,19,16.3,2,UK,Mobile,46,false
Eh32Ev,8/13/2023,10/13/2023,29.99,Basic,UPI,30,544,2928.24,13,6.1,5,France,Mobile,195,false
3DSmYv,10/30/2023,2/7/2024,29.99,Basic,UPI,21,779,3606.56,8,43.7,9,Canada,Mobile,17,true
h2sm57,6/16/2024,4/8/2024,59.99,Gold,DebitCard,30,154,899.54,14,38.5,4,UK,Mobile,100,true
8NBL7q,4/2/2024,1/11/2024,59.99,Gold,UPI,19,398,872.08,8,24.8,7,France,Mobile,101,false
pf1vE3,8/24/2023,10/11/2023,29.99,Basic,CreditCard,11,200,2432.17,13,15.5,2,UK,Mobile,65,true
1KiD6H,11/4/2023,12/15/2023,29.99,Basic,DebitCard,18,935,322.1,20,32.0,7,Germany,Desktop,147,true
SCpF3V,1/28/2024,8/15/2023,59.99,Gold,UPI,2,336,586.85,4,16.5,9,USA,Tablet,194,false
2774Vq,6/30/2023,11/18/2023,59.99,Gold,UPI,8,366,2407.23,1,14.3,5,UK,Desktop,175,true
Pi8J6T,5/15/2024,12/22/2023,29.99,Basic,CreditCard,1,258,4701.41,14,42.2,5,Japan,Tablet,190,true
35XUZ6,1/2/2024,11/14/2023,29.99,Basic,DebitCard,34,332,953.78,11,13.3,9,Canada,Desktop,157,false
GwFI3R,3/14/2024,6/12/2024,29.99,Basic,UPI,30,627,3284.18,18,14.1,9,Canada,Desktop,90,true
iPz1E5,7/20/2023,6/10/2024,29.99,Basic,DebitCard,25,830,3377.79,3,5.8,9,Canada,Mobile,197,true
scfOp0,8/23/2023,11/7/2023,29.99,Basic,DebitCard,34,86,4569.65,11,19.4,9,Japan,Mobile,33,false
bb667a,1/17/2024,8/24/2023,59.99,Gold,CreditCard,24,795,2678.99,11,43.3,9,Germany,Desktop,9,true
zIQr53,3/22/2024,6/27/2024,29.99,Basic,DebitCard,15,600,984.54,8,22.4,8,Germany,Tablet,42,false
Z06ynb,10/31/2023,11/26/2023,29.99,Basic,CreditCard,35,214,1763.46,12,4.5,6,Australia,Mobile,131,true
cE27v0,12/24/2023,9/24/2023,59.99,Gold,DebitCard,25,237,784.0,7,22.8,3,France,Tablet,90,false
hF3G2t,3/25/2024,1/3/2024,29.99,Basic,DebitCard,8,372,76.63,1,9.4,10,UK,Tablet,123,false
3gV0O2,7/20/2023,10/26/2023,59.99,Gold,CreditCard,16,30,2169.99,20,26.0,1,USA,Mobile,18,true
2eoBFM,9/21/2023,8/15/2023,29.99,Basic,CreditCard,25,400,3382.68,18,28.8,7,Australia,Mobile,144,false
71yAXh,6/26/2024,8/23/2023,79.99,Premium,CreditCard,36,400,4251.61,5,11.3,10,UK,Mobile,154,true
10Z4Dr,2/17/2024,4/18/2024,29.99,Basic,DebitCard,19,776,3438.38,17,35.3,10,USA,Tablet,76,false
vOCHKm,2/10/2024,5/12/2024,79.99,Premium,CreditCard,18,165,1122.29,9,25.7,1,France,Mobile,105,true
O07R9m,5/16/2024,10/27/2023,29.99,Basic,UPI,24,977,3078.36,12,21.8,7,USA,Mobile,165,false
xM9um6,7/3/2023,10/5/2023,29.99,Basic,UPI,1,526,1885.2,17,6.3,6,China,Mobile,165,true
ODcq5X,3/13/2024,1/1/2024,29.99,Basic,CreditCard,5,636,3071.33,20,36.1,9,Australia,Tablet,65,false
EIjC41,9/25/2023,5/29/2024,29.99,Basic,CreditCard,2,912,3159.65,3,28.1,10,Australia,Tablet,137,true
f19054,1/14/2024,2/14/2024,29.99,Basic,CreditCard,17,925,1417.32,9,12.9,10,USA,Desktop,7,true
Gi0095,9/21/2023,6/4/2024,29.99,Basic,CreditCard,25,201,4777.96,20,41.5,10,Brazil,Tablet,113,false
2e5Tvs,12/2/2023,6/12/2024,29.99,Basic,CreditCard,15,657,4041.71,0,18.3,5,Australia,Mobile,3,false
Lv1O6o,10/19/2023,3/1/2024,79.99,Premium,DebitCard,25,936,1673.45,15,2.4,1,USA,Tablet,45,true
2Gea62,1/8/2024,4/18/2024,59.99,Gold,DebitCard,7,965,4127.14,18,3.3,5,Germany,Mobile,7,false
41RT35,7/13/2023,10/2/2023,79.99,Premium,DebitCard,18,167,3885.33,5,24.3,2,China,Desktop,164,false
LH342H,5/20/2024,3/1/2024,29.99,Basic,UPI,24,252,4712.14,17,25.0,5,Japan,Desktop,11,true
rYTzxf,2/26/2024,8/19/2023,79.99,Premium,DebitCard,31,550,4923.03,13,11.3,6,Canada,Desktop,17,false
5esHvU,10/18/2023,3/1/2024,29.99,Basic,DebitCard,24,70,2892.85,9,39.6,6,China,Desktop,136,false
9g3R6K,3/31/2024,12/22/2023,29.99,Basic,UPI,27,891,4280.72,14,1.5,8,Germany,Desktop,159,false
Y3bAyG,8/10/2023,5/6/2024,29.99,Basic,UPI,12,136,2988.19,19,22.0,6,Australia,Desktop,122,false
R3fmBt,2/17/2024,12/3/2023,29.99,Basic,CreditCard,11,618,1807.26,9,30.3,8,USA,Tablet,167,true
t2mqTr,3/20/2024,1/31/2024,59.99,Gold,UPI,18,833,4296.31,2,4.3,1,France,Mobile,149,false
d2P5U6,8/7/2023,10/21/2023,59.99,Gold,UPI,17,74,3883.26,2,11.3,9,Germany,Tablet,52,true
9uT140,9/17/2023,8/23/2023,29.99,Basic,CreditCard,36,77,4913.08,6,34.5,3,Australia,Mobile,87,false
6vcMW4,5/4/2024,6/16/2024,29.99,Basic,DebitCard,26,70,4437.11,16,1.3,3,Taiwan,Desktop,85,true
BWWX68,8/4/2023,12/21/2023,29.99,Basic,CreditCard,26,758,1531.21,1,8.8,8,China,Mobile,55,false
tW7nzk,1/16/2024,8/8/2023,29.99,Basic,CreditCard,17,512,4831.2,9,43.2,9,UK,Desktop,92,false
I1ll41,3/4/2024,1/3/2024,29.99,Basic,DebitCard,15,525,275.16,9,30.3,9,Canada,Mobile,4,true
Xn8lHC,11/18/2023,11/30/2023,59.99,Gold,UPI,10,560,2425.86,14,37.2,3,UK,Mobile,118,true
N7EHtU,6/12/2024,3/23/2024,79.99,Premium,UPI,36,862,3884.87,13,15.2,5,Germany,Mobile,54,true
RE9xZY,4/8/2024,2/9/2024,59.99,Gold,DebitCard,26,214,3544.1,11,41.8,8,France,Tablet,36,true
weYcLv,9/18/2023,2/23/2024,29.99,Basic,DebitCard,30,243,3778.37,11,46.6,1,France,Tablet,168,true
1SleuO,10/14/2023,8/30/2023,29.99,Basic,UPI,1,924,3551.33,13,23.8,10,France,Desktop,92,true
2u7cSK,2/15/2024,4/6/2024,29.99,Basic,DebitCard,5,37,1486.95,6,38.3,5,France,Mobile,54,false
yI08Qc,12/11/2023,10/23/2023,29.99,Basic,DebitCard,15,684,4957.15,9,1.6,7,China,Tablet,5,false
8JV0qv,6/3/2024,2/24/2024,79.99,Premium,CreditCard,13,224,3729.49,12,46.0,7,USA,Desktop,62,false
uuZxEz,8/24/2023,7/19/2023,29.99,Basic,CreditCard,33,354,2490.08,19,25.7,3,UK,Tablet,141,false
ayJQR5,4/3/2024,8/17/2023,79.99,Premium,UPI,4,924,2452.38,14,37.9,10,Australia,Mobile,102,false
URL304,5/5/2024,10/25/2023,79.99,Premium,DebitCard,7,957,1099.97,0,47.6,8,Australia,Mobile,24,false
6LZRoF,1/5/2024,6/19/2024,59.99,Gold,UPI,19,585,2736.85,8,24.8,5,UK,Tablet,16,false
UA5jLT,12/2/2023,10/14/2023,29.99,Basic,UPI,14,963,303.03,6,22.7,1,Canada,Tablet,22,true
I6JUP5,9/1/2023,8/29/2023,29.99,Basic,DebitCard,24,864,200.23,6,33.1,5,UK,Desktop,38,true
KWXNE1,12/22/2023,10/27/2023,29.99,Basic,UPI,14,871,4668.92,0,46.3,4,France,Tablet,53,true
pL94WW,8/2/2023,7/22/2023,59.99,Gold,DebitCard,9,791,2362.09,5,41.4,1,China,Tablet,29,false
k6u64a,7/25/2023,9/11/2023,59.99,Gold,CreditCard,7,261,2331.4,18,12.7,8,USA,Tablet,31,true
xUGz1J,10/5/2023,3/24/2024,59.99,Gold,CreditCard,33,517,2809.01,9,12.0,3,France,Mobile,89,false
vHNl1P,4/10/2024,3/17/2024,59.99,Gold,DebitCard,19,888,2754.99,3,16.3,6,Canada,Mobile,136,true
2c9p7s,1/3/2024,7/23/2023,29.99,Basic,DebitCard,14,321,407.54,19,24.4,1,Australia,Mobile,178,false
qN1kJG,12/5/2023,8/14/2023,29.99,Basic,UPI,20,952,2596.14,14,35.8,9,China,Mobile,123,true
b0u4Kx,11/3/2023,7/10/2023,29.99,Basic,CreditCard,29,263,2035.9,10,47.5,10,Germany,Desktop,117,false
4UlEz5,6/16/2024,12/14/2023,59.99,Gold,DebitCard,11,688,2068.52,17,16.9,2,USA,Desktop,179,false
vIl8BO,5/25/2024,6/19/2024,29.99,Basic,UPI,19,634,3864.08,18,15.4,7,Canada,Mobile,18,false
UV8LoV,1/4/2024,9/15/2023,29.99,Basic,CreditCard,21,266,3341.15,7,27.5,2,USA,Mobile,5,false
OHqn09,7/27/2023,6/26/2024,79.99,Premium,UPI,20,780,1367.46,6,20.3,1,Australia,Tablet,108,false
qw4HGp,7/14/2023,1/2/2024,29.99,Basic,CreditCard,9,417,1342.59,15,9.6,5,Australia,Mobile,1,false
BcvKwH,3/21/2024,7/12/2023,59.99,Gold,DebitCard,11,463,626.64,12,23.5,8,UK,Desktop,50,false
p3P016,11/20/2023,7/20/2023,29.99,Basic,CreditCard,29,74,4826.41,0,20.8,2,Australia,Desktop,22,false
LKZny0,9/7/2023,9/20/2023,79.99,Premium,CreditCard,15,657,2196.58,20,47.9,8,UK,Mobile,101,true
ay3EDH,3/16/2024,10/5/2023,59.99,Gold,DebitCard,25,902,4124.14,3,32.0,4,Japan,Tablet,192,true
83sjgn,5/21/2024,10/14/2023,29.99,Basic,DebitCard,9,165,71.85,19,30.1,8,Brazil,Mobile,71,true
zhHKQ9,9/4/2023,4/18/2024,79.99,Premium,CreditCard,15,310,1839.02,16,21.6,4,UK,Mobile,177,true
p85I61,11/6/2023,7/28/2023,29.99,Basic,CreditCard,15,726,4684.34,19,7.7,8,USA,Mobile,60,true
04oo6w,5/2/2024,10/22/2023,29.99,Basic,CreditCard,14,388,4624.8,5,32.9,2,Brazil,Mobile,5,true
ULY3sQ,1/13/2024,9/23/2023,29.99,Basic,DebitCard,35,59,620.33,10,15.6,10,Australia,Mobile,2,false
uC90Ly,12/19/2023,8/5/2023,29.99,Basic,UPI,34,573,3226.04,9,11.4,9,UK,Tablet,26,true
YQ0TDu,6/21/2024,11/30/2023,29.99,Basic,CreditCard,12,80,2004.17,7,27.4,8,UK,Tablet,60,true
WdzgH8,10/23/2023,2/25/2024,29.99,Basic,UPI,27,662,4023.56,3,42.8,2,Japan,Desktop,36,false
0bPE0z,7/20/2023,5/14/2024,29.99,Basic,DebitCard,34,681,2085.9,5,15.1,8,USA,Mobile,87,true
1JC7RJ,12/6/2023,9/30/2023,29.99,Basic,CreditCard,5,452,747.84,19,13.3,4,Canada,Desktop,68,false
j0jYr2,5/28/2024,4/4/2024,29.99,Basic,UPI,34,693,477.21,5,23.9,5,China,Desktop,20,true
67k5Cr,10/11/2023,7/4/2023,79.99,Premium,DebitCard,13,376,505.99,7,25.4,8,UK,Desktop,141,false
J9Jq08,3/16/2024,7/9/2023,59.99,Gold,CreditCard,14,908,2261.46,7,2.5,10,China,Desktop,160,true
V51H60,11/13/2023,5/22/2024,59.99,Gold,UPI,33,386,631.3,13,34.4,3,Australia,Desktop,56,true
faYel4,6/14/2024,8/16/2023,29.99,Basic,DebitCard,29,779,3630.75,19,6.5,1,Australia,Mobile,71,false
hrnh3m,8/12/2023,9/13/2023,59.99,Gold,DebitCard,28,904,3218.05,19,44.9,2,France,Desktop,57,true
iZRRRr,3/6/2024,11/4/2023,59.99,Gold,DebitCard,4,441,3475.41,0,5.2,8,Japan,Tablet,200,false
2W3cIS,1/3/2024,8/26/2023,29.99,Basic,CreditCard,14,523,867.29,6,20.7,4,USA,Mobile,53,true
5aiwxW,4/12/2024,9/2/2023,29.99,Basic,UPI,10,413,3869.66,11,19.9,8,USA,Desktop,157,false
CN6qmC,8/15/2023,11/2/2023,59.99,Gold,CreditCard,16,539,4488.55,1,19.7,9,Canada,Mobile,144,true
iXxGfb,4/16/2024,7/7/2023,29.99,Basic,DebitCard,30,665,3639.27,14,12.9,3,USA,Desktop,95,false
zumA6t,8/30/2023,3/12/2024,59.99,Gold,DebitCard,8,867,371.15,19,16.2,4,USA,Tablet,145,false
lK0IhQ,7/23/2023,9/12/2023,29.99,Basic,DebitCard,20,990,4479.51,10,33.7,2,Australia,Desktop,158,false
79a9r3,11/8/2023,10/15/2023,79.99,Premium,CreditCard,6,117,382.51,12,37.7,4,UK,Desktop,146,false
TV95ok,12/15/2023,7/5/2023,29.99,Basic,CreditCard,14,760,2213.19,2,2.0,6,Germany,Desktop,175,false
S8X528,6/30/2023,8/29/2023,29.99,Basic,CreditCard,11,532,1309.12,11,2.7,5,USA,Tablet,185,true
s1Ss6P,2/25/2024,12/24/2023,59.99,Gold,UPI,28,166,1235.31,6,12.0,4,UK,Mobile,76,false
o07z9y,9/21/2023,12/13/2023,29.99,Basic,DebitCard,7,393,302.69,2,17.9,7,USA,Mobile,187,false
ZfrI15,3/27/2024,6/17/2024,59.99,Gold,DebitCard,1,586,4355.98,11,42.1,7,Australia,Mobile,144,false
8fQWup,9/24/2023,12/24/2023,29.99,Basic,DebitCard,28,603,141.72,6,38.9,7,Canada,Mobile,88,true
W9Y6CC,8/28/2023,3/3/2024,29.99,Basic,CreditCard,8,785,1856.88,5,44.3,4,Australia,Desktop,197,true
6b64K8,4/23/2024,11/6/2023,59.99,Gold,DebitCard,35,985,3130.67,19,20.8,7,Canada,Desktop,185,false
WSv2aK,11/29/2023,2/14/2024,29.99,Basic,UPI,8,647,458.25,6,36.1,2,China,Desktop,110,false
Rp5xgr,1/21/2024,11/30/2023,29.99,Basic,DebitCard,9,461,2405.28,4,5.1,2,USA,Mobile,48,true
4O92V6,11/18/2023,8/27/2023,29.99,Basic,UPI,27,91,3721.67,18,44.2,2,USA,Mobile,112,true
JPSMU5,6/16/2024,4/6/2024,59.99,Gold,DebitCard,36,148,664.74,5,11.6,9,Australia,Mobile,116,false
hgKOSS,6/4/2024,12/3/2023,29.99,Basic,CreditCard,35,865,3416.42,1,45.0,9,USA,Desktop,77,true
J5fS6l,7/29/2023,7/23/2023,59.99,Gold,UPI,25,699,1505.46,17,30.7,3,USA,Desktop,177,false
RcP2av,9/30/2023,2/17/2024,29.99,Basic,DebitCard,13,118,1298.74,18,2.2,5,China,Mobile,175,false
0ZMSwU,6/15/2024,11/26/2023,29.99,Basic,UPI,7,7,4937.19,13,10.1,3,UK,Desktop,172,false
KZ1qHu,10/9/2023,10/3/2023,29.99,Basic,UPI,34,876,1412.85,9,33.2,3,France,Desktop,126,true
2JwMrh,9/25/2023,5/7/2024,29.99,Basic,DebitCard,19,698,3568.51,2,19.3,6,UK,Desktop,47,false
p7DAH1,1/31/2024,8/18/2023,29.99,Basic,DebitCard,17,827,3035.53,6,33.9,6,UK,Mobile,127,false
HK6fH3,4/18/2024,9/2/2023,29.99,Basic,DebitCard,14,737,1344.42,0,29.7,5,France,Desktop,73,true
6842o7,7/29/2023,7/8/2023,59.99,Gold,UPI,12,203,4678.82,20,9.7,6,Japan,Mobile,21,true
b85hND,8/25/2023,10/6/2023,59.99,Gold,CreditCard,16,656,2083.77,1,23.2,4,USA,Mobile,3,true
158Eh4,7/19/2023,9/2/2023,29.99,Basic,UPI,27,155,4384.24,20,26.4,4,Australia,Tablet,116,true
iY6zZ8,2/7/2024,11/14/2023,29.99,Basic,CreditCard,30,962,2380.62,2,36.2,2,USA,Tablet,62,true
BCmZuz,11/16/2023,7/18/2023,29.99,Basic,CreditCard,15,79,4297.28,8,41.8,4,China,Tablet,162,false
IclIkP,2/16/2024,8/22/2023,59.99,Gold,UPI,20,6,2483.26,12,38.9,5,Germany,Tablet,183,false
M0631a,6/22/2024,6/18/2024,79.99,Premium,DebitCard,14,153,1335.38,8,19.3,8,USA,Mobile,132,true
GM6E9B,12/7/2023,7/13/2023,29.99,Basic,UPI,28,514,3156.96,3,39.1,10,Taiwan,Mobile,188,false
scceC4,9/27/2023,8/17/2023,59.99,Gold,CreditCard,32,800,3872.71,8,46.2,3,France,Tablet,83,false
NE6966,9/18/2023,10/21/2023,59.99,Gold,UPI,33,601,1444.04,0,44.8,9,Brazil,Mobile,199,true
hZ0PNN,6/26/2024,12/30/2023,29.99,Basic,DebitCard,14,762,345.53,18,39.8,10,Canada,Desktop,13,false
5T5Ujt,10/16/2023,1/14/2024,29.99,Basic,CreditCard,19,46,3329.31,16,20.2,3,Canada,Tablet,170,true
zY19w3,2/20/2024,2/1/2024,29.99,Basic,DebitCard,31,417,3145.26,4,34.8,5,USA,Mobile,45,true
yieH1A,10/19/2023,4/8/2024,59.99,Gold,UPI,24,820,721.81,16,14.1,3,USA,Mobile,46,true
HunwsK,2/16/2024,12/16/2023,29.99,Basic,DebitCard,7,462,4683.96,3,40.4,10,France,Mobile,198,false
w27uym,8/19/2023,10/25/2023,29.99,Basic,CreditCard,18,327,1087.45,11,11.3,2,Canada,Tablet,163,true
monQZI,11/12/2023,8/27/2023,59.99,Gold,CreditCard,16,468,583.34,16,11.5,2,Brazil,Tablet,181,true
1FY3Zo,11/21/2023,8/12/2023,29.99,Basic,CreditCard,17,775,4544.89,19,18.9,3,Taiwan,Mobile,11,false
EA6tje,9/2/2023,6/8/2024,29.99,Basic,UPI,10,572,140.85,15,39.3,9,Australia,Mobile,99,true
3E0vj6,11/4/2023,8/10/2023,29.99,Basic,DebitCard,1,593,1649.65,7,15.3,6,USA,Desktop,10,true
DoDn90,3/8/2024,7/5/2023,29.99,Basic,DebitCard,15,36,1797.51,17,6.9,9,France,Mobile,7,true
4v8F8P,7/17/2023,10/2/2023,59.99,Gold,CreditCard,8,96,3579.51,7,2.3,7,UK,Desktop,171,true
4a9tZ6,2/3/2024,10/23/2023,29.99,Basic,DebitCard,23,593,3183.57,12,31.8,3,Germany,Desktop,73,false
CII3W8,7/18/2023,12/21/2023,59.99,Gold,CreditCard,19,569,1319.34,9,14.0,5,China,Mobile,50,false
xzEDZe,9/2/2023,2/6/2024,29.99,Basic,CreditCard,21,546,1235.12,20,3.5,10,USA,Mobile,71,false
G7uw27,10/28/2023,12/13/2023,59.99,Gold,DebitCard,18,947,310.06,2,14.3,10,UK,Tablet,177,false
brfV0e,10/18/2023,6/11/2024,29.99,Basic,UPI,34,232,3655.54,15,3.8,2,USA,Tablet,185,true
C2VoD2,1/18/2024,5/22/2024,59.99,Gold,DebitCard,4,92,4627.19,20,39.5,4,Canada,Tablet,15,false
xa30k9,5/13/2024,8/7/2023,79.99,Premium,UPI,23,857,1892.69,20,8.9,3,UK,Tablet,176,true
62Q982,4/24/2024,9/4/2023,29.99,Basic,CreditCard,29,866,3030.92,4,36.5,6,China,Tablet,133,true
p46Tt5,2/28/2024,7/25/2023,29.99,Basic,UPI,19,653,3929.4,11,38.4,9,Australia,Desktop,92,true
37XwjK,10/22/2023,8/31/2023,59.99,Gold,UPI,36,739,2783.84,16,42.2,9,Canada,Tablet,92,false
g8wwGv,12/3/2023,10/1/2023,29.99,Basic,DebitCard,13,448,665.11,8,38.4,10,China,Tablet,53,false
1Q2Sbg,1/31/2024,10/5/2023,29.99,Basic,UPI,29,863,4698.15,3,46.5,7,USA,Mobile,89,true
OSbRLo,6/6/2024,9/8/2023,59.99,Gold,DebitCard,28,183,29.78,20,28.9,3,China,Desktop,135,true
5plqd4,11/14/2023,8/18/2023,29.99,Basic,CreditCard,11,198,1076.97,13,34.8,9,China,Desktop,175,true
ElSOuq,10/23/2023,5/24/2024,29.99,Basic,DebitCard,8,18,1748.68,7,9.2,2,Japan,Tablet,176,false
F78QH5,12/16/2023,12/20/2023,29.99,Basic,CreditCard,4,295,781.82,8,2.0,3,China,Desktop,20,false
WsVD4z,6/13/2024,6/4/2024,79.99,Premium,DebitCard,5,252,4365.01,18,40.2,1,France,Desktop,30,false
qdmjnF,12/2/2023,10/7/2023,59.99,Gold,DebitCard,22,975,1603.16,14,33.4,9,USA,Desktop,135,false
iVKC1H,5/28/2024,4/28/2024,59.99,Gold,DebitCard,29,600,3662.32,3,1.4,6,Australia,Mobile,151,false
Ktv5LN,2/28/2024,2/16/2024,29.99,Basic,DebitCard,35,939,963.1,14,42.0,9,France,Mobile,65,true
QqW2A4,7/4/2023,8/11/2023,79.99,Premium,CreditCard,32,359,1057.87,4,33.7,8,UK,Mobile,151,false
ZM428z,6/22/2024,1/10/2024,79.99,Premium,UPI,16,991,351.83,11,21.2,3,UK,Desktop,128,false
2z1y90,4/29/2024,12/22/2023,29.99,Basic,UPI,17,872,1173.11,20,24.1,7,Germany,Mobile,105,true
q3irTt,4/8/2024,12/14/2023,59.99,Gold,UPI,12,44,2578.17,9,35.4,4,Australia,Mobile,142,true
xIhGE6,2/21/2024,7/17/2023,29.99,Basic,DebitCard,2,312,2252.98,5,12.1,6,Australia,Mobile,23,false
5kSHmU,1/26/2024,1/24/2024,29.99,Basic,DebitCard,23,105,4383.04,1,22.1,6,Brazil,Mobile,144,false
eb87vW,4/8/2024,12/28/2023,59.99,Gold,DebitCard,13,942,1021.52,11,34.6,7,USA,Mobile,138,true
xehqRO,12/27/2023,3/4/2024,59.99,Gold,CreditCard,26,59,1723.72,3,30.5,7,France,Mobile,32,true
tdcWf2,7/9/2023,1/14/2024,29.99,Basic,CreditCard,19,606,1293.85,4,35.3,10,France,Tablet,110,true
s0R3Wa,3/20/2024,1/9/2024,59.99,Gold,DebitCard,1,93,431.87,0,45.0,1,Canada,Mobile,105,true
W8O4fA,5/15/2024,1/10/2024,59.99,Gold,UPI,17,923,3178.15,8,41.2,1,Germany,Mobile,90,true
Ym0N0a,4/5/2024,6/15/2024,79.99,Premium,DebitCard,11,653,3506.44,5,23.3,4,USA,Tablet,154,false
TU0N9q,11/19/2023,12/20/2023,29.99,Basic,UPI,12,146,142.39,9,17.0,5,USA,Mobile,126,true
9DU1lq,12/21/2023,9/22/2023,79.99,Premium,UPI,17,662,3908.0,7,28.8,2,Germany,Desktop,155,false
qVJ98E,8/31/2023,4/29/2024,59.99,Gold,DebitCard,15,197,4963.21,12,4.7,1,Canada,Tablet,62,true
f73LRR,11/30/2023,8/3/2023,29.99,Basic,DebitCard,11,141,1939.01,16,29.7,8,Taiwan,Mobile,185,false
hHI9W8,3/24/2024,11/27/2023,79.99,Premium,UPI,7,596,4715.29,12,4.7,9,USA,Mobile,21,false
5ocvO1,9/15/2023,8/22/2023,29.99,Basic,UPI,20,671,4124.49,2,19.4,5,Japan,Desktop,183,true
4lFKbi,11/27/2023,2/17/2024,29.99,Basic,CreditCard,29,747,908.35,12,19.0,7,Germany,Desktop,80,true
98d9SK,11/7/2023,2/7/2024,29.99,Basic,UPI,7,201,1271.5,5,10.2,4,Canada,Mobile,137,true
MpaL1C,9/13/2023,8/12/2023,79.99,Premium,DebitCard,29,7,5.67,2,20.6,3,Australia,Mobile,48,false
V12sYB,12/6/2023,8/26/2023,29.99,Basic,DebitCard,1,103,900.97,17,28.0,4,USA,Tablet,15,false
Q4lGp2,6/21/2024,6/20/2024,29.99,Basic,CreditCard,23,531,3536.71,12,1.5,6,USA,Mobile,21,true
88XD4W,8/29/2023,9/13/2023,79.99,Premium,CreditCard,20,623,32.57,16,5.6,4,UK,Desktop,63,true
47KtTa,10/2/2023,6/22/2024,59.99,Gold,CreditCard,19,404,1453.51,5,40.1,7,UK,Tablet,152,true
IQ3hjA,12/12/2023,8/28/2023,29.99,Basic,UPI,22,381,2802.35,9,27.4,4,Germany,Tablet,127,true
Q33432,12/10/2023,6/11/2024,29.99,Basic,DebitCard,9,441,250.55,11,29.1,6,Brazil,Mobile,147,false
ZijddM,8/26/2023,6/7/2024,79.99,Premium,DebitCard,34,486,2039.92,9,33.1,5,France,Desktop,56,true
64YZ4t,2/29/2024,6/7/2024,59.99,Gold,CreditCard,25,692,1791.17,16,26.8,6,UK,Mobile,122,true
93Dk04,12/13/2023,5/27/2024,29.99,Basic,UPI,22,599,4372.39,17,46.2,8,China,Desktop,183,false
d48nB3,4/26/2024,6/23/2024,59.99,Gold,UPI,17,812,1574.76,7,17.4,8,Canada,Desktop,151,true
L34PLa,11/13/2023,9/10/2023,29.99,Basic,DebitCard,14,542,2261.4,19,9.7,7,UK,Desktop,44,true
x66XjF,1/29/2024,7/12/2023,59.99,Gold,CreditCard,1,818,1848.17,9,35.8,4,Brazil,Desktop,29,true
KGtl1K,11/13/2023,3/10/2024,29.99,Basic,DebitCard,19,257,640.91,13,25.7,7,Brazil,Desktop,174,false
00b58q,3/12/2024,2/29/2024,29.99,Basic,DebitCard,33,313,3071.94,4,23.7,7,USA,Desktop,101,true
Ud0X06,12/7/2023,4/22/2024,59.99,Gold,DebitCard,11,943,2714.13,11,28.8,2,France,Desktop,166,true
qL905X,1/8/2024,4/5/2024,29.99,Basic,DebitCard,35,518,3005.21,16,8.1,10,Germany,Tablet,62,false
xp1z01,4/5/2024,11/8/2023,79.99,Premium,CreditCard,11,750,282.79,14,47.8,3,Brazil,Desktop,2,true
40025J,6/19/2024,10/20/2023,29.99,Basic,DebitCard,29,71,4512.86,11,34.5,8,UK,Mobile,94,false
GQ4wex,1/20/2024,4/20/2024,29.99,Basic,DebitCard,14,780,829.18,0,45.4,6,Australia,Tablet,145,false
gv37vM,12/11/2023,7/4/2023,29.99,Basic,DebitCard,21,112,3051.67,14,25.5,6,USA,Mobile,106,false
DPmpMH,9/11/2023,11/15/2023,79.99,Premium,UPI,16,697,2948.0,13,44.8,8,France,Tablet,78,true
K7G0Bs,9/5/2023,12/9/2023,29.99,Basic,UPI,19,746,2128.17,1,30.6,4,USA,Tablet,173,true
9vcvyM,6/20/2024,5/20/2024,29.99,Basic,CreditCard,22,518,3024.35,5,5.0,1,Australia,Desktop,179,false
EqWUHg,2/8/2024,3/27/2024,29.99,Basic,CreditCard,33,125,1758.61,4,19.3,3,France,Mobile,63,true
PV02Pb,3/6/2024,7/2/2023,29.99,Basic,UPI,14,580,1457.3,5,20.8,3,USA,Desktop,75,true
BVagFn,3/3/2024,12/20/2023,79.99,Premium,UPI,35,280,3651.28,13,19.2,5,France,Mobile,50,false
UYGCiS,3/10/2024,8/23/2023,59.99,Gold,UPI,12,820,3791.41,1,9.7,1,France,Desktop,69,true
E6M334,5/30/2024,2/4/2024,29.99,Basic,DebitCard,36,822,2527.92,2,4.4,3,Germany,Tablet,108,false
Q8Lb1D,9/18/2023,1/24/2024,79.99,Premium,DebitCard,35,318,4881.38,19,19.3,4,UK,Mobile,122,true
EK7BS8,9/23/2023,7/4/2023,79.99,Premium,DebitCard,35,597,1006.21,19,21.7,4,USA,Tablet,77,false
EvY3D0,9/13/2023,4/27/2024,59.99,Gold,CreditCard,26,230,116.72,1,40.8,6,Germany,Mobile,160,true
Zm86q3,1/29/2024,7/19/2023,29.99,Basic,DebitCard,24,990,3501.71,15,29.3,6,Australia,Desktop,107,true
580148,4/11/2024,6/24/2024,29.99,Basic,DebitCard,1,334,3189.37,13,28.3,5,USA,Mobile,60,false
TnaLNg,5/20/2024,6/26/2024,29.99,Basic,CreditCard,36,207,4489.1,8,34.6,1,Taiwan,Mobile,82,true
HmpZcI,7/30/2023,5/2/2024,29.99,Basic,DebitCard,34,600,584.12,16,23.6,1,Canada,Tablet,121,false
sO3qVX,3/29/2024,10/22/2023,59.99,Gold,DebitCard,9,427,1088.18,0,25.3,7,Brazil,Desktop,93,true
6ZgJRd,8/10/2023,4/9/2024,29.99,Basic,UPI,10,472,701.01,12,15.6,1,Japan,Mobile,180,true
ym2e5M,1/12/2024,11/23/2023,29.99,Basic,CreditCard,3,300,363.98,9,11.9,5,Germany,Mobile,134,true
maVE2H,1/21/2024,12/23/2023,29.99,Basic,CreditCard,14,916,4719.2,15,39.6,2,Australia,Desktop,31,true
4kS961,3/6/2024,11/27/2023,29.99,Basic,CreditCard,13,488,3959.54,4,17.7,3,China,Mobile,184,true
459P6F,6/17/2024,7/11/2023,29.99,Basic,CreditCard,23,325,1472.71,9,22.9,2,China,Tablet,40,false
rZ5YMW,10/25/2023,5/5/2024,29.99,Basic,DebitCard,32,307,4999.29,8,37.8,2,Australia,Desktop,11,true
U15167,1/21/2024,3/18/2024,29.99,Basic,UPI,17,124,2959.92,12,17.5,2,Germany,Mobile,192,false
9a15VV,5/15/2024,8/7/2023,59.99,Gold,DebitCard,22,227,498.44,12,2.5,2,USA,Mobile,99,true
7a72iT,1/6/2024,7/2/2023,29.99,Basic,DebitCard,13,865,2411.22,0,28.8,5,China,Desktop,58,false
iiYEs9,12/24/2023,12/16/2023,29.99,Basic,DebitCard,28,273,2135.43,9,31.4,8,Australia,Mobile,183,true
KQu789,5/30/2024,4/11/2024,29.99,Basic,UPI,19,514,1994.35,19,38.7,9,China,Desktop,75,false
t16v80,1/10/2024,9/15/2023,59.99,Gold,UPI,36,61,1175.47,3,44.5,5,USA,Desktop,200,true
CJfV56,12/26/2023,6/10/2024,59.99,Gold,DebitCard,15,413,1773.33,12,45.6,3,Germany,Tablet,77,false
Am65qY,2/7/2024,12/15/2023,29.99,Basic,CreditCard,13,338,1867.1,14,34.7,6,Australia,Tablet,10,true
fSIC3M,10/4/2023,8/18/2023,29.99,Basic,DebitCard,35,149,24.32,16,40.4,2,Germany,Tablet,111,true
07444a,12/4/2023,9/27/2023,29.99,Basic,DebitCard,32,801,1010.99,10,10.6,10,China,Tablet,164,true
6e677b,10/8/2023,2/6/2024,59.99,Gold,CreditCard,28,868,2590.67,3,36.7,9,France,Mobile,176,false
rI6E3A,8/21/2023,5/26/2024,59.99,Gold,UPI,28,22,3260.96,8,37.8,6,UK,Mobile,52,true
05W8y3,9/26/2023,12/8/2023,29.99,Basic,CreditCard,18,883,2562.04,3,41.8,6,USA,Tablet,82,false
a5jSuf,4/5/2024,3/26/2024,79.99,Premium,UPI,8,396,4026.35,8,47.4,8,USA,Mobile,10,false
de8916,5/11/2024,2/16/2024,79.99,Premium,UPI,21,793,3145.57,8,16.8,4,China,Desktop,159,true
sgg78J,9/12/2023,9/26/2023,59.99,Gold,UPI,18,91,494.81,4,5.2,1,USA,Mobile,60,true
M8A5uU,11/26/2023,9/30/2023,29.99,Basic,UPI,18,875,4422.14,17,4.8,4,France,Tablet,109,false
yrXHob,6/19/2024,5/30/2024,29.99,Basic,UPI,12,572,1516.74,15,10.2,5,USA,Mobile,15,true
s5Vklk,10/6/2023,11/15/2023,29.99,Basic,CreditCard,20,151,3566.79,7,23.7,3,China,Tablet,157,false
Bs1YXP,12/17/2023,8/16/2023,29.99,Basic,CreditCard,3,881,1472.65,20,38.4,4,Australia,Mobile,14,false
59O95d,6/2/2024,9/20/2023,79.99,Premium,DebitCard,15,719,2268.78,15,21.7,2,Germany,Desktop,107,true
y0k3Pb,9/21/2023,7/30/2023,29.99,Basic,DebitCard,33,609,1150.51,8,19.6,9,Germany,Mobile,144,false
uEINSp,12/29/2023,4/27/2024,59.99,Gold,UPI,30,184,1991.88,6,24.3,5,UK,Desktop,62,false
ZCgb3R,10/9/2023,11/27/2023,29.99,Basic,CreditCard,6,466,2515.62,17,22.0,6,Australia,Mobile,132,true
70w9g0,3/27/2024,12/9/2023,29.99,Basic,CreditCard,14,324,1966.27,6,2.8,3,France,Desktop,168,true
TQb2U0,2/20/2024,6/8/2024,59.99,Gold,DebitCard,34,25,703.97,12,2.8,7,USA,Desktop,102,true
3F1MCE,6/29/2023,9/7/2023,29.99,Basic,DebitCard,22,89,645.31,2,15.7,2,USA,Mobile,142,true
ytx72y,9/17/2023,4/24/2024,59.99,Gold,DebitCard,2,635,4531.22,11,4.4,6,USA,Mobile,84,true
9I5ws2,2/8/2024,4/18/2024,79.99,Premium,DebitCard,14,823,4396.25,1,36.8,5,France,Desktop,83,false
ZOiM5K,7/22/2023,10/19/2023,29.99,Basic,DebitCard,7,771,2462.03,2,3.0,5,Australia,Mobile,33,true
0W2O25,9/19/2023,12/16/2023,29.99,Basic,UPI,9,555,4145.49,17,31.8,5,France,Tablet,178,true
7X4HJo,6/30/2023,3/19/2024,59.99,Gold,DebitCard,26,230,2267.43,19,28.5,7,Australia,Mobile,100,false
gGy604,1/13/2024,11/23/2023,29.99,Basic,DebitCard,5,579,478.08,5,8.9,1,USA,Mobile,165,false
zgrkF3,5/20/2024,2/29/2024,79.99,Premium,UPI,27,110,648.71,3,17.3,5,UK,Mobile,185,false
kf9mIL,6/7/2024,7/27/2023,79.99,Premium,UPI,36,425,2835.46,5,23.8,6,Germany,Mobile,13,false
4jU72L,9/1/2023,3/27/2024,59.99,Gold,CreditCard,28,85,136.73,11,20.4,6,Brazil,Tablet,174,false
FKbtcR,5/19/2024,5/1/2024,59.99,Gold,UPI,24,693,562.27,5,5.9,9,USA,Mobile,123,false
ikFQJk,1/13/2024,12/25/2023,79.99,Premium,UPI,30,48,669.05,19,19.0,8,UK,Tablet,97,false
zAY4ow,10/25/2023,7/27/2023,29.99,Basic,UPI,13,258,3237.79,19,38.2,6,France,Mobile,41,true
avRTBx,2/5/2024,1/10/2024,29.99,Basic,UPI,12,550,417.23,5,27.5,5,Germany,Desktop,90,false
omF3gB,3/1/2024,5/20/2024,29.99,Basic,UPI,10,374,4159.57,5,28.4,8,Australia,Mobile,195,true
2SRha4,5/22/2024,12/2/2023,29.99,Basic,CreditCard,17,57,308.54,14,27.1,8,Canada,Desktop,99,true
7aC53a,4/9/2024,5/2/2024,59.99,Gold,UPI,27,467,970.69,17,7.0,7,Germany,Mobile,186,false
Lj75yQ,9/16/2023,1/16/2024,29.99,Basic,CreditCard,18,97,1217.76,9,8.4,7,USA,Desktop,35,false
Sb67f9,5/27/2024,2/3/2024,29.99,Basic,UPI,20,371,2544.17,10,42.0,2,Germany,Mobile,166,true
RHd7An,5/5/2024,7/2/2023,79.99,Premium,UPI,5,544,571.75,15,13.9,4,Germany,Tablet,121,false
XnZGtm,5/1/2024,3/8/2024,59.99,Gold,DebitCard,8,35,427.06,11,7.6,7,Japan,Mobile,131,true
37jt5N,11/22/2023,11/16/2023,79.99,Premium,DebitCard,25,795,223.05,16,30.6,7,Japan,Desktop,34,false
7i1APR,4/23/2024,11/2/2023,29.99,Basic,DebitCard,22,756,766.7,6,42.2,7,France,Tablet,114,true
c7PoYh,9/17/2023,12/10/2023,59.99,Gold,UPI,15,211,400.01,17,38.5,9,France,Tablet,136,false
XuJ36C,6/4/2024,3/26/2024,59.99,Gold,CreditCard,32,911,2912.0,19,15.1,7,USA,Mobile,115,false
n3ScSM,9/29/2023,2/10/2024,29.99,Basic,DebitCard,17,132,3752.27,5,35.2,7,Canada,Mobile,88,true
Q71szT,8/7/2023,6/26/2024,29.99,Basic,UPI,10,543,4325.68,2,43.1,7,Australia,Mobile,86,false
y6u7Yp,11/17/2023,3/7/2024,59.99,Gold,DebitCard,1,577,3802.2,15,45.3,4,Taiwan,Mobile,196,false
W0ct8j,4/23/2024,5/23/2024,29.99,Basic,DebitCard,28,186,1531.48,0,1.9,9,Brazil,Mobile,82,true
ke41I8,9/19/2023,11/30/2023,29.99,Basic,UPI,4,218,2454.82,17,21.9,6,Taiwan,Mobile,14,false
66Hj0W,11/13/2023,5/23/2024,59.99,Gold,CreditCard,14,818,1359.0,0,2.3,7,Australia,Desktop,129,true
77mvu0,8/22/2023,6/2/2024,79.99,Premium,CreditCard,16,400,456.38,8,29.0,3,Australia,Tablet,70,true
jILeU2,7/9/2023,6/29/2023,59.99,Gold,CreditCard,7,1,4138.6,13,27.6,8,France,Desktop,159,false
L9JJWj,8/11/2023,12/21/2023,59.99,Gold,DebitCard,12,3,2947.24,3,43.4,10,Brazil,Mobile,49,false
mSJhN3,6/7/2024,9/23/2023,29.99,Basic,DebitCard,24,489,957.57,13,3.6,10,UK,Mobile,134,false
7y1ZzM,1/28/2024,8/12/2023,59.99,Gold,DebitCard,17,91,2652.04,14,31.7,5,France,Tablet,90,true
bqF083,3/20/2024,6/30/2023,29.99,Basic,DebitCard,12,460,3538.51,7,21.0,1,France,Desktop,153,true
BtaC2z,9/6/2023,1/27/2024,59.99,Gold,DebitCard,27,152,2701.46,4,36.9,1,Australia,Desktop,90,true
Rd46rq,2/26/2024,1/9/2024,29.99,Basic,CreditCard,5,165,1937.09,0,6.8,7,Canada,Mobile,118,true
0OSH24,1/12/2024,5/18/2024,59.99,Gold,CreditCard,35,610,1139.6,12,30.9,6,USA,Desktop,165,false
vGxkCw,2/26/2024,11/3/2023,59.99,Gold,CreditCard,8,958,1971.71,5,11.0,6,France,Desktop,142,true
UnwV6o,10/19/2023,4/22/2024,29.99,Basic,UPI,22,148,1890.3,0,37.8,5,USA,Desktop,32,false
bl2F7J,2/6/2024,12/17/2023,59.99,Gold,DebitCard,8,870,2906.08,11,24.3,5,USA,Tablet,59,true
244dR8,8/25/2023,4/21/2024,29.99,Basic,DebitCard,36,546,4740.87,7,33.9,9,Japan,Mobile,72,true
joIFgQ,7/25/2023,7/29/2023,59.99,Gold,UPI,35,653,459.99,15,29.5,8,Japan,Tablet,78,true
ytksL1,2/12/2024,3/31/2024,59.99,Gold,UPI,20,640,1196.51,7,45.0,4,Australia,Mobile,130,false
alGp2A,8/26/2023,7/30/2023,59.99,Gold,CreditCard,29,926,3415.77,2,36.7,5,Japan,Mobile,149,false
4zM0Rh,6/13/2024,9/8/2023,79.99,Premium,UPI,12,900,2882.56,2,43.0,1,Japan,Mobile,61,true
RrcRQd,10/23/2023,7/2/2023,59.99,Gold,UPI,4,658,3744.41,18,25.3,6,Japan,Desktop,27,true
i6IeTy,10/2/2023,7/17/2023,59.99,Gold,DebitCard,21,625,4163.82,14,30.5,8,China,Tablet,172,false
UF568F,12/26/2023,9/10/2023,59.99,Gold,CreditCard,7,170,2913.17,5,27.2,6,Canada,Mobile,2,false
Rfcp62,8/25/2023,2/19/2024,59.99,Gold,UPI,36,521,1013.37,18,24.0,4,USA,Mobile,99,false
5eZ9HS,6/17/2024,8/31/2023,79.99,Premium,DebitCard,28,973,4451.11,20,45.0,4,USA,Mobile,154,false
ouMEXa,6/21/2024,12/29/2023,29.99,Basic,UPI,10,617,992.46,14,38.6,8,Germany,Mobile,127,false
91sY1Q,3/22/2024,12/18/2023,29.99,Basic,UPI,20,429,1442.02,10,1.3,8,UK,Desktop,74,false
78869O,8/3/2023,10/4/2023,79.99,Premium,CreditCard,20,55,3508.71,10,11.8,6,Japan,Mobile,198,false
EhGX18,6/18/2024,9/12/2023,29.99,Basic,UPI,3,806,3384.88,6,43.3,6,China,Tablet,19,true
hM016K,12/21/2023,4/4/2024,29.99,Basic,CreditCard,14,279,3963.5,5,20.3,1,UK,Mobile,71,true
KfY4rr,11/11/2023,3/11/2024,79.99,Premium,DebitCard,25,108,4398.75,18,10.1,9,Canada,Mobile,169,true
xxUQd8,6/1/2024,1/10/2024,29.99,Basic,CreditCard,18,79,671.84,9,3.7,9,Canada,Tablet,81,false
oSG481,12/2/2023,10/29/2023,79.99,Premium,DebitCard,27,685,1850.69,0,47.6,6,France,Tablet,58,true
u0492i,8/14/2023,8/23/2023,59.99,Gold,UPI,36,646,2994.65,7,34.5,3,China,Tablet,9,false
Qa05ds,11/5/2023,5/7/2024,59.99,Gold,UPI,19,990,1963.44,0,3.0,10,USA,Tablet,104,false
znw0M0,9/6/2023,2/26/2024,59.99,Gold,UPI,17,538,3095.65,13,41.0,1,USA,Desktop,96,true
H3s6yB,12/8/2023,4/11/2024,59.99,Gold,CreditCard,28,328,3721.36,7,3.3,1,Taiwan,Mobile,53,false
Mo2eLm,5/9/2024,9/13/2023,29.99,Basic,UPI,25,809,603.63,5,37.9,6,UK,Tablet,162,false
JSje4Q,1/29/2024,7/8/2023,29.99,Basic,DebitCard,25,765,3887.05,15,31.1,6,Canada,Mobile,116,false
3F2wAr,7/28/2023,11/14/2023,29.99,Basic,UPI,12,709,4873.09,15,15.8,3,Taiwan,Mobile,127,true
ET6129,8/16/2023,10/28/2023,59.99,Gold,DebitCard,23,933,3363.63,0,15.7,10,Australia,Desktop,22,true
3PuV5W,7/9/2023,12/30/2023,59.99,Gold,UPI,15,112,2420.52,16,9.3,10,France,Mobile,104,true
x2bcib,12/11/2023,9/6/2023,59.99,Gold,CreditCard,3,559,1842.38,13,12.9,3,Canada,Desktop,85,false
X8ez7G,1/2/2024,4/10/2024,29.99,Basic,UPI,17,566,4237.89,16,36.7,1,China,Desktop,136,false
A6bd2F,10/14/2023,12/27/2023,59.99,Gold,CreditCard,29,997,4709.23,6,28.2,3,Japan,Desktop,110,true
umaV6f,10/13/2023,12/3/2023,79.99,Premium,UPI,36,184,4252.05,7,16.7,8,Germany,Tablet,38,false
5R93Wy,6/11/2024,2/18/2024,59.99,Gold,DebitCard,28,192,857.32,4,12.3,4,Canada,Mobile,157,false
4VC9B9,2/29/2024,4/28/2024,29.99,Basic,DebitCard,17,136,1854.64,3,44.3,5,USA,Mobile,46,false
g0mmBJ,1/6/2024,8/4/2023,29.99,Basic,DebitCard,32,418,2368.76,8,30.8,8,France,Mobile,110,true
hBdPBJ,7/28/2023,11/30/2023,29.99,Basic,CreditCard,17,344,3675.34,18,15.0,8,Germany,Tablet,2,false
hNdy9F,10/11/2023,12/9/2023,79.99,Premium,DebitCard,16,594,2997.18,9,8.4,9,Canada,Tablet,196,false
w73g25,1/2/2024,12/30/2023,29.99,Basic,CreditCard,25,801,312.8,1,21.5,9,UK,Mobile,167,false
YY25rQ,4/6/2024,5/10/2024,59.99,Gold,UPI,3,140,2341.45,1,22.0,5,USA,Mobile,84,true
kjZi08,1/26/2024,10/30/2023,29.99,Basic,DebitCard,30,669,1346.38,1,7.5,1,Australia,Mobile,36,true
bO5c8P,3/7/2024,10/30/2023,29.99,Basic,UPI,36,553,2876.06,17,39.9,1,France,Mobile,153,false
1z665q,5/14/2024,4/11/2024,29.99,Basic,CreditCard,14,890,1058.59,19,46.7,9,Germany,Tablet,46,true
5PhMMH,6/14/2024,11/24/2023,59.99,Gold,UPI,28,521,4854.54,13,35.8,9,Australia,Desktop,115,false
C8rwDI,2/13/2024,2/3/2024,59.99,Gold,CreditCard,31,814,4452.18,6,16.7,9,Brazil,Mobile,101,true
wgq25l,1/31/2024,2/29/2024,59.99,Gold,CreditCard,27,292,3877.68,14,40.7,6,Canada,Desktop,192,false
40c2M0,8/26/2023,7/10/2023,59.99,Gold,CreditCard,17,450,346.96,11,36.0,4,USA,Desktop,10,true
1bnJ89,8/9/2023,3/13/2024,29.99,Basic,CreditCard,28,491,4191.05,3,34.5,8,UK,Mobile,8,false
IpBOtt,10/25/2023,11/8/2023,29.99,Basic,UPI,21,265,659.83,6,35.2,7,USA,Mobile,167,false
Inv9vM,4/5/2024,2/18/2024,59.99,Gold,CreditCard,13,790,4307.68,9,13.6,2,Canada,Tablet,84,true
90anR0,10/28/2023,7/4/2023,29.99,Basic,UPI,7,390,2278.4,18,18.4,4,Australia,Tablet,135,false
jj3HDU,4/10/2024,9/24/2023,59.99,Gold,DebitCard,2,874,1801.57,14,5.0,7,Canada,Desktop,56,true
0ksidK,2/17/2024,9/29/2023,29.99,Basic,DebitCard,28,207,4273.64,11,42.0,1,Germany,Mobile,68,true
eG09a7,2/11/2024,9/10/2023,59.99,Gold,DebitCard,18,210,1144.27,4,47.3,5,Canada,Desktop,163,true
2FOsF2,2/14/2024,11/17/2023,29.99,Basic,CreditCard,8,15,1990.78,20,45.8,5,Canada,Mobile,101,false
8kRFZc,4/10/2024,8/8/2023,29.99,Basic,DebitCard,23,800,1322.13,2,17.6,5,Taiwan,Mobile,143,true
pg9BTS,12/24/2023,11/16/2023,29.99,Basic,CreditCard,7,548,3930.27,3,1.5,5,France,Mobile,20,false
31Tz7C,4/28/2024,11/15/2023,29.99,Basic,UPI,31,42,3932.55,3,44.7,9,France,Mobile,131,true
myn085,1/19/2024,6/5/2024,29.99,Basic,UPI,14,884,1571.79,5,3.5,4,Brazil,Mobile,111,true
UvAzwo,10/24/2023,9/5/2023,59.99,Gold,UPI,7,72,4884.76,20,42.5,10,Canada,Tablet,157,false
xk54zi,2/8/2024,10/31/2023,59.99,Gold,DebitCard,25,945,1775.43,16,46.9,9,Australia,Desktop,65,false
bR8CQQ,2/22/2024,8/18/2023,29.99,Basic,DebitCard,1,37,2780.63,8,27.3,9,Australia,Tablet,112,true
Z2VBPY,5/2/2024,5/2/2024,29.99,Basic,DebitCard,29,515,4213.11,11,17.2,2,Germany,Desktop,109,false
Nf7qnM,8/19/2023,1/14/2024,29.99,Basic,UPI,32,405,4214.12,5,16.2,5,Australia,Mobile,81,true
mjG1c7,6/27/2024,10/1/2023,79.99,Premium,UPI,31,127,2580.43,0,14.8,2,Brazil,Tablet,78,false
0962F7,1/12/2024,5/19/2024,29.99,Basic,CreditCard,18,356,431.08,2,5.4,3,Brazil,Mobile,157,false
5vM1wd,6/17/2024,6/16/2024,79.99,Premium,DebitCard,18,54,3562.11,2,18.4,2,Germany,Tablet,3,true
7ICk6t,11/28/2023,2/16/2024,59.99,Gold,DebitCard,2,727,3606.7,2,18.9,5,UK,Tablet,14,false
7ba334,10/26/2023,2/20/2024,29.99,Basic,UPI,31,625,2078.14,13,27.3,5,France,Tablet,7,false
U43415,11/11/2023,9/27/2023,59.99,Gold,CreditCard,33,4,4496.62,0,20.0,7,USA,Mobile,116,true
c8EmX6,2/15/2024,7/10/2023,29.99,Basic,DebitCard,10,86,286.93,5,25.0,4,USA,Mobile,124,true
Eg9d45,6/28/2024,7/1/2023,59.99,Gold,UPI,9,226,2870.81,3,13.4,2,Canada,Desktop,49,false
C02Q20,8/25/2023,5/3/2024,29.99,Basic,DebitCard,2,826,573.5,1,2.1,7,Germany,Mobile,188,false
Sp61a5,6/17/2024,9/14/2023,29.99,Basic,UPI,4,402,4733.05,1,37.2,7,USA,Tablet,89,false
bnsoP8,8/8/2023,10/7/2023,29.99,Basic,CreditCard,16,959,1876.76,2,7.9,5,France,Mobile,109,true
dULg22,2/26/2024,2/24/2024,29.99,Basic,UPI,13,875,3543.39,16,47.9,9,USA,Tablet,176,true
R96mKK,2/24/2024,3/4/2024,59.99,Gold,CreditCard,34,695,4033.85,12,25.3,3,USA,Mobile,194,true
qp7C4E,7/16/2023,8/6/2023,29.99,Basic,UPI,8,370,733.77,3,32.9,4,Taiwan,Desktop,136,false
e0RZoe,9/26/2023,12/28/2023,29.99,Basic,CreditCard,20,959,1558.6,20,40.8,8,Australia,Desktop,8,true
6TX1uh,10/8/2023,2/22/2024,29.99,Basic,CreditCard,32,119,3954.14,18,17.6,8,Canada,Tablet,164,true
i03vHP,10/29/2023,3/10/2024,59.99,Gold,UPI,16,722,2949.92,5,37.2,3,UK,Desktop,4,false
5YVafC,8/31/2023,12/13/2023,59.99,Gold,CreditCard,25,879,4931.33,6,30.5,9,USA,Mobile,45,false
13c81a,8/4/2023,7/2/2023,29.99,Basic,DebitCard,18,474,1719.59,13,29.3,3,France,Tablet,34,false
bX0fn5,10/8/2023,8/29/2023,29.99,Basic,CreditCard,29,448,4792.6,12,35.6,6,Germany,Desktop,108,true
16i7dp,10/19/2023,6/11/2024,59.99,Gold,UPI,25,823,945.43,13,12.0,1,Brazil,Desktop,26,true
041XWX,6/29/2023,4/4/2024,29.99,Basic,UPI,19,856,2303.21,2,15.3,1,Australia,Mobile,3,true
xx4bPC,1/15/2024,7/8/2023,29.99,Basic,CreditCard,27,474,3646.61,13,23.3,3,Germany,Mobile,88,true
7EMGl0,11/22/2023,4/24/2024,29.99,Basic,UPI,19,752,936.04,5,43.0,9,UK,Desktop,26,false
QHlmhO,7/29/2023,6/6/2024,29.99,Basic,UPI,14,759,2987.71,18,47.9,6,Canada,Mobile,132,false
ZGg41K,11/18/2023,9/27/2023,59.99,Gold,CreditCard,19,23,1947.57,19,33.3,3,Brazil,Desktop,9,false
ixi7OK,1/25/2024,11/6/2023,79.99,Premium,DebitCard,31,109,377.97,14,29.3,1,UK,Tablet,58,true
E7yaV4,12/16/2023,5/22/2024,79.99,Premium,UPI,32,109,1906.14,20,8.8,2,Japan,Desktop,4,true
g092kA,10/30/2023,5/4/2024,29.99,Basic,CreditCard,29,498,3367.56,2,17.1,7,Japan,Desktop,3,true
Hi1349,2/2/2024,11/9/2023,59.99,Gold,CreditCard,26,747,88.86,20,6.6,8,Australia,Tablet,87,false
fCYP87,1/27/2024,4/4/2024,29.99,Basic,UPI,22,455,2991.08,10,16.0,6,Germany,Tablet,149,true
f7S10m,11/26/2023,7/13/2023,29.99,Basic,CreditCard,36,675,3279.08,20,4.4,3,USA,Mobile,178,false
Yjp0PP,1/14/2024,3/11/2024,59.99,Gold,DebitCard,20,146,2953.38,20,47.1,7,Canada,Desktop,157,true
2SWZWL,11/16/2023,1/12/2024,79.99,Premium,CreditCard,8,580,2154.86,17,4.6,6,Canada,Mobile,180,true
07j0hm,1/17/2024,2/27/2024,29.99,Basic,DebitCard,3,807,4386.0,15,20.8,10,China,Mobile,174,false
RyB7uC,3/13/2024,5/11/2024,29.99,Basic,UPI,24,104,279.03,1,24.9,8,France,Desktop,174,false
jlPyql,11/14/2023,1/16/2024,29.99,Basic,CreditCard,20,585,3203.51,17,41.8,9,Australia,Tablet,58,true
lT17Kv,9/29/2023,5/9/2024,29.99,Basic,CreditCard,29,364,3051.75,12,46.6,6,France,Desktop,59,true
GXSdF1,6/9/2024,10/17/2023,59.99,Gold,UPI,27,461,4669.11,9,17.2,7,China,Mobile,82,false
pWNut7,8/10/2023,8/2/2023,29.99,Basic,CreditCard,3,851,1836.42,6,41.2,8,USA,Mobile,5,false
Sg7s5P,1/12/2024,7/13/2023,59.99,Gold,UPI,21,49,3597.52,16,1.1,8,Canada,Tablet,26,true
5hew2s,10/28/2023,3/10/2024,29.99,Basic,DebitCard,31,365,4131.77,12,21.8,5,China,Desktop,50,true
6G2zD9,6/25/2024,3/11/2024,59.99,Gold,DebitCard,21,511,208.51,9,25.8,9,UK,Mobile,181,false
2Vckjo,12/4/2023,8/21/2023,59.99,Gold,UPI,11,975,1817.06,17,22.6,5,Germany,Mobile,159,false
woizOo,3/21/2024,8/13/2023,29.99,Basic,CreditCard,22,137,1816.68,16,6.6,1,Germany,Mobile,101,false
q0NJvh,4/19/2024,12/29/2023,29.99,Basic,CreditCard,11,255,1938.61,17,36.0,7,UK,Tablet,152,false
7693Bv,3/5/2024,5/19/2024,79.99,Premium,UPI,34,815,1156.27,8,31.6,3,Canada,Mobile,48,true
nU8dK9,12/17/2023,5/16/2024,79.99,Premium,DebitCard,15,890,1217.46,0,1.7,6,Brazil,Mobile,167,true
8qLa6t,5/9/2024,12/3/2023,59.99,Gold,DebitCard,11,258,3546.5,5,9.9,8,USA,Mobile,157,false
8709aG,9/17/2023,6/27/2024,59.99,Gold,UPI,7,127,2205.29,17,45.2,9,Brazil,Mobile,166,false
6MN5wx,6/4/2024,2/26/2024,29.99,Basic,CreditCard,27,44,2380.33,2,43.7,3,UK,Tablet,160,false
G01uOu,5/19/2024,3/18/2024,29.99,Basic,CreditCard,23,701,2115.46,3,27.8,6,UK,Desktop,14,false
oc0i76,8/24/2023,2/5/2024,29.99,Basic,DebitCard,32,781,2634.75,13,16.5,5,Japan,Tablet,59,false
a4KE53,11/2/2023,11/1/2023,59.99,Gold,DebitCard,35,98,4892.29,20,39.1,4,USA,Tablet,151,false
9KCEa3,2/16/2024,5/29/2024,29.99,Basic,CreditCard,5,769,4744.47,6,28.3,4,Japan,Mobile,101,true
DGdlI0,4/27/2024,3/15/2024,29.99,Basic,CreditCard,3,626,4283.05,10,33.7,2,China,Mobile,109,true
iri6Kt,7/24/2023,10/29/2023,29.99,Basic,CreditCard,11,714,3577.31,19,3.5,1,Japan,Desktop,73,true
59hkpf,8/21/2023,11/7/2023,29.99,Basic,CreditCard,21,751,200.0,19,8.0,5,Canada,Tablet,82,false
4fPWUH,10/14/2023,3/23/2024,29.99,Basic,UPI,30,112,1051.52,3,32.7,9,USA,Tablet,31,true
zhoGIm,4/27/2024,12/9/2023,29.99,Basic,CreditCard,21,135,1862.62,14,41.9,8,Canada,Tablet,160,true
rN2BbS,2/8/2024,12/4/2023,29.99,Basic,UPI,12,488,4696.92,9,24.8,7,Canada,Tablet,140,false
0dTYq4,8/14/2023,2/27/2024,59.99,Gold,DebitCard,19,37,3803.01,11,28.2,1,Japan,Tablet,68,true
ZD6Bwn,10/5/2023,6/7/2024,29.99,Basic,CreditCard,10,202,3246.42,19,2.3,2,France,Tablet,25,true
8ED037,7/21/2023,5/8/2024,29.99,Basic,CreditCard,8,337,3195.61,4,14.4,3,China,Tablet,188,false
ak838y,12/21/2023,2/8/2024,59.99,Gold,CreditCard,25,269,469.51,1,38.0,4,Australia,Mobile,95,false
2Q9tGs,7/17/2023,3/18/2024,29.99,Basic,UPI,9,723,4624.15,0,16.9,4,Taiwan,Tablet,158,false
2RK6TQ,5/25/2024,11/14/2023,59.99,Gold,CreditCard,9,633,1891.84,16,34.7,7,Germany,Desktop,77,false
B321u8,11/16/2023,7/18/2023,29.99,Basic,UPI,14,602,2318.5,14,31.8,8,Australia,Tablet,191,false
4u4zcj,6/20/2024,12/11/2023,29.99,Basic,UPI,13,199,4186.46,8,35.5,6,Brazil,Mobile,121,true
vO5LJ9,4/26/2024,2/19/2024,29.99,Basic,UPI,36,327,4129.16,11,12.9,10,Australia,Mobile,112,false
Y6Ii7T,6/1/2024,10/31/2023,59.99,Gold,DebitCard,8,467,1291.21,15,34.5,7,Australia,Tablet,47,false
5xN4A2,5/25/2024,10/30/2023,29.99,Basic,UPI,29,214,4180.93,0,23.9,10,UK,Tablet,14,true
PVwHbe,1/9/2024,1/20/2024,29.99,Basic,UPI,22,269,4625.86,11,39.0,9,Japan,Tablet,163,false
eh23xH,3/5/2024,3/29/2024,59.99,Gold,UPI,16,685,4680.09,4,13.0,10,Australia,Tablet,82,false
NJhs4P,11/2/2023,6/24/2024,59.99,Gold,DebitCard,15,817,4003.89,12,5.7,6,Australia,Desktop,129,true
bLK3G7,5/18/2024,2/26/2024,29.99,Basic,UPI,21,264,207.12,12,2.3,9,UK,Tablet,108,true
tmrZgr,6/22/2024,5/24/2024,59.99,Gold,DebitCard,10,830,4069.05,15,45.2,1,UK,Desktop,38,false
XCWa1F,5/14/2024,12/22/2023,29.99,Basic,UPI,17,582,2373.43,11,37.4,1,France,Desktop,115,true
iJvC1F,6/4/2024,4/27/2024,79.99,Premium,UPI,12,897,344.82,16,24.9,2,Germany,Mobile,114,true
e1qv7y,6/5/2024,3/5/2024,79.99,Premium,UPI,2,794,1279.11,6,39.2,2,USA,Tablet,118,true
0eP9d0,9/23/2023,3/31/2024,59.99,Gold,CreditCard,34,935,2329.1,8,23.0,5,USA,Desktop,13,true
fRG2O6,6/27/2024,8/25/2023,29.99,Basic,CreditCard,6,609,4284.58,20,4.3,10,Canada,Mobile,183,true
zJ7QVp,8/11/2023,6/16/2024,79.99,Premium,CreditCard,7,360,4636.74,15,42.3,4,USA,Mobile,62,false
cz479C,8/10/2023,5/25/2024,29.99,Basic,UPI,25,798,1874.15,9,30.2,6,France,Tablet,95,true
65SqIs,12/18/2023,6/3/2024,59.99,Gold,CreditCard,14,169,2432.55,18,28.6,4,Canada,Mobile,88,true
9R5Xpo,10/16/2023,11/21/2023,29.99,Basic,DebitCard,7,852,1900.76,5,43.9,7,Japan,Desktop,18,false
N7iIkp,6/23/2024,8/30/2023,29.99,Basic,DebitCard,28,347,2524.76,1,17.7,10,USA,Desktop,63,true
v2lUJm,7/17/2023,11/23/2023,29.99,Basic,CreditCard,8,618,3850.31,12,10.7,4,UK,Mobile,147,true
A14P46,5/14/2024,8/25/2023,29.99,Basic,UPI,20,702,2818.9,6,14.5,7,China,Tablet,97,true
E6pxIv,12/4/2023,7/22/2023,29.99,Basic,UPI,3,685,367.28,20,34.0,3,Canada,Tablet,106,false
40208e,5/10/2024,6/15/2024,79.99,Premium,DebitCard,21,113,4332.38,17,17.7,3,China,Mobile,153,true
jc3J3e,9/28/2023,2/25/2024,29.99,Basic,UPI,22,496,917.74,5,9.2,8,Germany,Mobile,76,false
9Gg04M,2/2/2024,5/20/2024,29.99,Basic,DebitCard,25,442,2766.74,20,5.2,1,Brazil,Tablet,177,true
b1U2w3,3/14/2024,2/16/2024,79.99,Premium,UPI,2,595,1905.3,12,38.5,8,France,Desktop,58,true
Gaot4O,1/11/2024,11/30/2023,59.99,Gold,UPI,11,346,2563.14,18,41.5,8,Canada,Tablet,77,true
8hJNAM,11/22/2023,2/7/2024,29.99,Basic,CreditCard,15,571,3908.16,8,36.7,4,Brazil,Tablet,131,false
ra1FN1,7/9/2023,8/16/2023,29.99,Basic,CreditCard,24,755,2305.99,20,35.5,6,USA,Desktop,66,true
i9GZPL,8/8/2023,3/30/2024,59.99,Gold,DebitCard,18,71,467.05,8,34.8,8,France,Desktop,36,true
8xz20M,8/1/2023,1/31/2024,29.99,Basic,CreditCard,29,169,805.61,15,43.4,6,China,Mobile,104,false
K3781W,12/1/2023,4/18/2024,59.99,Gold,CreditCard,16,355,1604.33,10,25.0,10,France,Tablet,183,false
EeCeon,5/26/2024,9/2/2023,79.99,Premium,DebitCard,4,665,451.2,19,45.5,1,Canada,Mobile,25,true
LyJ0Wk,12/19/2023,8/4/2023,29.99,Basic,DebitCard,13,96,4070.62,1,39.9,7,China,Mobile,171,true
5402bu,9/9/2023,8/4/2023,29.99,Basic,UPI,21,659,3686.91,13,7.0,7,Germany,Desktop,98,false
KgwEps,4/12/2024,1/12/2024,29.99,Basic,DebitCard,30,111,3812.35,8,42.4,7,Japan,Desktop,42,true
FF0uin,3/12/2024,9/19/2023,59.99,Gold,DebitCard,26,975,10.22,7,27.3,6,Canada,Mobile,2,true
1BmCnD,3/24/2024,4/5/2024,29.99,Basic,CreditCard,16,223,2899.32,8,39.2,6,UK,Mobile,72,true
NO2968,2/13/2024,5/11/2024,59.99,Gold,DebitCard,33,997,1506.98,6,5.8,9,Canada,Mobile,78,true
zAo2W4,10/26/2023,1/25/2024,29.99,Basic,DebitCard,6,250,2839.62,0,12.1,5,USA,Tablet,1,false
mE9wPc,8/7/2023,5/7/2024,29.99,Basic,CreditCard,15,335,2584.72,0,38.6,9,Brazil,Tablet,133,false
8Z1JLi,6/1/2024,9/29/2023,29.99,Basic,UPI,21,0,2783.08,1,37.4,1,Canada,Tablet,18,false
YzWT52,1/3/2024,8/13/2023,79.99,Premium,CreditCard,5,88,1530.59,2,27.0,6,Australia,Desktop,71,false
9WQbYJ,6/19/2024,8/21/2023,59.99,Gold,UPI,10,428,2047.48,16,8.3,10,Brazil,Tablet,94,false
THV3jn,7/18/2023,6/14/2024,29.99,Basic,DebitCard,19,632,2317.39,7,4.3,9,France,Mobile,115,false
wtlil9,12/1/2023,5/22/2024,79.99,Premium,DebitCard,33,118,932.65,5,11.1,1,France,Tablet,73,true
0w987O,5/21/2024,1/14/2024,29.99,Basic,DebitCard,26,24,4275.46,4,5.2,6,Brazil,Mobile,197,true
p68L3t,12/6/2023,11/10/2023,29.99,Basic,CreditCard,35,369,1558.34,1,39.2,8,USA,Tablet,188,true
f81Gvi,1/20/2024,8/14/2023,59.99,Gold,UPI,35,365,3480.17,7,1.9,5,China,Mobile,93,false
HuHmw0,7/11/2023,7/27/2023,29.99,Basic,DebitCard,27,475,4086.36,11,15.4,10,Australia,Mobile,122,true
6hu449,8/9/2023,1/22/2024,29.99,Basic,DebitCard,7,464,2869.22,19,12.1,5,USA,Desktop,154,false
Yg1dY2,11/14/2023,10/4/2023,29.99,Basic,CreditCard,21,824,1762.72,6,23.8,5,Canada,Desktop,81,false
S5eb39,10/7/2023,1/23/2024,29.99,Basic,UPI,1,122,2994.87,15,36.7,5,USA,Tablet,189,false
JIr6wJ,3/6/2024,9/13/2023,29.99,Basic,CreditCard,26,237,1966.44,5,11.9,7,Germany,Mobile,151,true
Tr7377,5/30/2024,3/8/2024,29.99,Basic,UPI,26,622,1165.74,7,41.8,8,Germany,Mobile,77,false
R3A92R,10/31/2023,5/21/2024,59.99,Gold,CreditCard,18,389,3975.11,12,46.7,10,UK,Mobile,192,false
6H7iAv,5/25/2024,9/27/2023,59.99,Gold,CreditCard,1,20,4521.73,3,18.7,5,USA,Mobile,33,false
v1awnw,3/25/2024,11/21/2023,29.99,Basic,UPI,32,381,3385.82,11,27.8,9,Australia,Mobile,166,false
ZUpQ4n,11/15/2023,12/23/2023,59.99,Gold,CreditCard,13,685,2889.05,1,42.4,5,Germany,Mobile,111,true
udvaor,8/22/2023,4/2/2024,59.99,Gold,UPI,15,316,2178.9,11,42.0,6,USA,Mobile,36,false
o5j3Nl,8/3/2023,7/12/2023,59.99,Gold,UPI,26,565,3669.04,7,10.8,5,Japan,Tablet,13,false
33t092,3/14/2024,10/18/2023,29.99,Basic,CreditCard,12,749,1731.61,1,25.4,7,Taiwan,Desktop,2,true
N3QGtG,3/17/2024,11/3/2023,29.99,Basic,CreditCard,2,837,4619.01,16,43.4,9,Australia,Mobile,100,true
ka2d7B,9/9/2023,11/22/2023,29.99,Basic,UPI,31,772,3607.33,16,25.2,9,Brazil,Desktop,103,false
3g0ZQI,5/14/2024,9/2/2023,29.99,Basic,DebitCard,32,549,3341.75,19,7.7,1,Germany,Mobile,78,true
23PR1h,4/9/2024,8/13/2023,29.99,Basic,CreditCard,1,292,4457.06,9,16.2,5,France,Desktop,67,false
2WTUeR,7/17/2023,6/27/2024,29.99,Basic,CreditCard,27,8,3611.18,19,44.8,6,USA,Mobile,49,true
1QYc19,7/24/2023,11/22/2023,29.99,Basic,DebitCard,8,972,892.47,19,18.7,2,France,Mobile,43,false
KIoFI2,10/3/2023,4/24/2024,29.99,Basic,DebitCard,23,902,62.16,11,7.1,2,Canada,Mobile,139,false
9NNB53,8/30/2023,7/14/2023,29.99,Basic,CreditCard,24,310,1429.86,19,47.0,3,Canada,Mobile,27,false
I6OD8w,5/21/2024,3/17/2024,29.99,Basic,CreditCard,19,630,2191.82,3,35.7,10,Australia,Desktop,127,false
yk78wZ,1/31/2024,4/22/2024,79.99,Premium,CreditCard,13,883,1485.01,6,46.6,6,Taiwan,Mobile,130,true
O336O1,5/13/2024,3/19/2024,79.99,Premium,CreditCard,26,568,27.01,9,43.7,5,Australia,Desktop,151,false
Nr046S,5/21/2024,9/13/2023,29.99,Basic,DebitCard,8,614,3564.21,13,1.3,3,UK,Tablet,126,true
SGB0Or,7/27/2023,6/1/2024,79.99,Premium,CreditCard,19,454,1480.86,0,22.6,10,Australia,Desktop,101,false
9nzDBG,9/3/2023,6/11/2024,59.99,Gold,DebitCard,6,711,1947.19,5,35.1,6,USA,Desktop,71,true
6yP5N5,7/1/2023,6/18/2024,29.99,Basic,DebitCard,27,250,4064.29,5,22.5,10,Brazil,Desktop,163,true
cEnU7m,12/23/2023,9/29/2023,29.99,Basic,UPI,11,492,4614.35,8,39.0,4,France,Desktop,148,false
8o34k1,6/21/2024,10/6/2023,29.99,Basic,UPI,22,475,4075.56,1,15.3,7,France,Mobile,46,true
2m1P0h,3/21/2024,11/21/2023,59.99,Gold,DebitCard,14,941,2860.08,10,6.5,2,Germany,Tablet,96,false
X00Du9,7/9/2023,3/10/2024,29.99,Basic,CreditCard,7,285,70.76,7,12.9,4,Canada,Mobile,144,false
cnXaWc,10/24/2023,9/1/2023,29.99,Basic,UPI,7,271,1498.76,6,6.7,8,USA,Desktop,177,true
T0crb0,11/18/2023,4/13/2024,79.99,Premium,CreditCard,36,622,636.47,9,29.6,5,USA,Tablet,193,false
458j8Q,5/4/2024,9/23/2023,29.99,Basic,UPI,34,885,4108.31,3,33.1,5,Germany,Tablet,109,false
r7QgCD,7/7/2023,7/7/2023,79.99,Premium,DebitCard,15,889,1013.2,16,38.4,9,USA,Tablet,131,false
x0mLZ2,7/18/2023,12/9/2023,29.99,Basic,DebitCard,35,98,149.96,2,2.8,8,Taiwan,Tablet,76,false
dl4Kxf,7/22/2023,8/9/2023,79.99,Premium,UPI,15,695,4617.0,19,31.9,10,Canada,Mobile,21,true
l190xA,1/18/2024,10/5/2023,29.99,Basic,CreditCard,11,850,3465.65,5,15.8,1,Germany,Mobile,180,true
sj7Ebo,7/8/2023,7/19/2023,29.99,Basic,DebitCard,15,699,984.18,15,36.6,3,UK,Mobile,200,false
wt8T8d,2/25/2024,6/12/2024,29.99,Basic,CreditCard,24,725,2016.24,0,7.1,2,Germany,Mobile,137,false
Qj6DbW,8/1/2023,11/8/2023,79.99,Premium,UPI,29,285,949.73,10,21.3,4,Taiwan,Mobile,44,false
urA4g3,11/26/2023,3/30/2024,59.99,Gold,UPI,9,518,3616.04,19,14.5,6,Brazil,Desktop,46,false
9LYuI8,2/16/2024,7/1/2023,79.99,Premium,CreditCard,16,537,1599.21,5,4.0,8,France,Mobile,48,true
poSC71,7/30/2023,4/20/2024,79.99,Premium,UPI,29,479,2722.3,7,27.6,6,China,Tablet,44,false
DzWNMK,11/3/2023,9/13/2023,59.99,Gold,DebitCard,14,586,3019.79,11,33.6,7,Germany,Tablet,136,true
lK4KS2,12/6/2023,11/14/2023,59.99,Gold,CreditCard,6,179,1010.95,8,46.7,6,Canada,Tablet,93,false
zX99L8,12/13/2023,1/11/2024,59.99,Gold,UPI,30,48,1879.11,14,6.2,8,France,Tablet,113,false
FtuinY,11/12/2023,8/21/2023,29.99,Basic,CreditCard,20,613,1319.46,19,45.3,10,Australia,Desktop,149,false
eHSBEy,11/3/2023,3/3/2024,29.99,Basic,CreditCard,2,214,1192.48,4,26.4,7,Japan,Mobile,144,false
Nufc7d,11/4/2023,11/25/2023,59.99,Gold,UPI,24,635,4325.42,14,3.0,8,Germany,Desktop,75,true
DAVFG9,9/21/2023,7/11/2023,29.99,Basic,DebitCard,8,175,4965.72,16,13.7,2,Canada,Desktop,131,true
7rjCCE,1/20/2024,4/27/2024,29.99,Basic,UPI,5,566,2923.91,4,35.0,8,USA,Desktop,19,true
v2CDYj,3/13/2024,2/1/2024,79.99,Premium,CreditCard,2,757,1858.94,0,25.8,6,Australia,Desktop,76,true
26phMN,5/1/2024,6/12/2024,29.99,Basic,CreditCard,3,900,3531.61,0,43.8,5,UK,Desktop,46,false
wVgqz7,1/10/2024,12/27/2023,29.99,Basic,DebitCard,31,68,4949.49,16,33.6,6,Germany,Mobile,104,true
i2DQDK,9/13/2023,3/2/2024,29.99,Basic,CreditCard,28,849,3069.87,5,7.8,7,France,Mobile,79,false
P43h9r,5/26/2024,10/2/2023,29.99,Basic,UPI,36,760,4850.14,16,45.1,4,UK,Tablet,82,true
v2Ra59,5/7/2024,4/21/2024,29.99,Basic,CreditCard,17,613,3812.77,20,13.3,9,Brazil,Tablet,74,true
EKUoJS,2/27/2024,6/24/2024,59.99,Gold,CreditCard,19,599,4586.02,1,16.0,7,China,Tablet,79,true
NJqyFz,7/12/2023,4/5/2024,59.99,Gold,CreditCard,19,665,39.26,7,11.9,8,USA,Desktop,95,true
8wR7Co,5/20/2024,11/1/2023,59.99,Gold,UPI,8,414,1151.79,13,18.1,4,Taiwan,Desktop,31,true
T3Xtlr,6/11/2024,7/9/2023,79.99,Premium,UPI,25,276,851.03,3,47.9,9,Taiwan,Tablet,127,false
1MLZn4,3/26/2024,11/7/2023,59.99,Gold,CreditCard,28,371,692.67,16,33.2,3,UK,Desktop,74,true
7YZ1JX,6/27/2024,3/4/2024,29.99,Basic,UPI,29,982,4967.8,1,35.2,4,Brazil,Tablet,184,true
g82Ew6,9/18/2023,11/22/2023,59.99,Gold,UPI,21,744,2320.58,1,4.0,8,Japan,Desktop,107,false
89CbCj,2/10/2024,2/16/2024,59.99,Gold,DebitCard,31,992,2902.9,18,24.1,1,USA,Tablet,76,true
1rydmE,3/15/2024,12/19/2023,29.99,Basic,UPI,11,512,3966.25,8,28.2,1,Canada,Tablet,144,false
teTffh,1/8/2024,11/13/2023,79.99,Premium,UPI,10,304,1464.99,19,19.6,9,Brazil,Tablet,117,true
7R2HCb,11/20/2023,11/19/2023,79.99,Premium,UPI,16,378,2917.53,19,25.7,10,China,Mobile,190,true
PWhomm,6/30/2023,11/8/2023,29.99,Basic,UPI,13,307,4164.72,16,26.1,4,UK,Tablet,101,true
R55020,9/3/2023,1/16/2024,79.99,Premium,DebitCard,20,875,3880.7,3,40.4,3,UK,Mobile,93,true
qV5K6U,8/2/2023,3/8/2024,29.99,Basic,DebitCard,24,785,3423.03,7,41.3,7,France,Mobile,172,true
F2iq0K,8/26/2023,8/20/2023,29.99,Basic,DebitCard,21,381,321.84,0,24.6,8,Australia,Mobile,194,true
b25r5e,6/20/2024,1/24/2024,29.99,Basic,CreditCard,13,82,1077.96,1,4.5,2,UK,Desktop,186,false
0NLzWu,2/17/2024,11/5/2023,79.99,Premium,UPI,32,387,4247.39,6,21.4,6,Germany,Mobile,112,true
3sk55A,9/7/2023,5/26/2024,29.99,Basic,CreditCard,1,927,2718.59,12,18.8,7,Australia,Tablet,137,false
yY3oO8,6/18/2024,5/12/2024,29.99,Basic,CreditCard,9,325,29.76,8,34.5,10,China,Tablet,198,false
9x0hH1,6/20/2024,2/16/2024,59.99,Gold,DebitCard,25,513,2753.97,20,43.5,8,Australia,Tablet,25,true
kmk371,3/3/2024,11/4/2023,29.99,Basic,UPI,16,805,1099.27,18,29.0,4,UK,Tablet,52,false
wz4261,2/25/2024,12/8/2023,79.99,Premium,UPI,28,779,2012.09,0,29.0,7,France,Mobile,102,true
00Dccy,4/4/2024,1/16/2024,59.99,Gold,CreditCard,24,275,4366.87,20,26.5,4,Japan,Mobile,145,true
ba53N3,1/18/2024,8/2/2023,29.99,Basic,CreditCard,10,381,4452.59,2,17.4,5,USA,Mobile,168,true
7xtVc7,3/29/2024,8/27/2023,29.99,Basic,CreditCard,16,968,2254.86,10,14.8,6,Germany,Desktop,118,true
rgsISa,9/13/2023,10/12/2023,79.99,Premium,UPI,20,293,955.83,0,3.9,2,Germany,Desktop,187,false
AX191c,9/15/2023,4/23/2024,59.99,Gold,CreditCard,17,865,3346.79,9,42.9,5,UK,Mobile,40,false
1p4UCM,7/23/2023,6/11/2024,29.99,Basic,CreditCard,24,85,4899.1,15,20.2,2,UK,Tablet,165,false
4FGv43,8/14/2023,10/6/2023,29.99,Basic,CreditCard,18,864,4010.03,20,34.7,2,USA,Tablet,96,true
LQ3nBf,8/1/2023,11/28/2023,29.99,Basic,DebitCard,20,832,4047.48,15,25.2,8,Germany,Mobile,97,false
maucX2,5/1/2024,9/2/2023,29.99,Basic,UPI,23,578,4775.41,11,42.0,7,Australia,Mobile,74,true
fLlcDS,2/23/2024,3/3/2024,79.99,Premium,CreditCard,7,783,648.03,1,2.6,3,UK,Desktop,107,true
kB9wx5,10/20/2023,11/21/2023,29.99,Basic,CreditCard,31,706,2951.32,8,13.4,4,USA,Mobile,98,true
Y0EkN0,12/30/2023,4/6/2024,59.99,Gold,DebitCard,11,357,833.17,19,44.3,8,USA,Mobile,135,true
W1fl49,5/20/2024,1/18/2024,59.99,Gold,CreditCard,20,226,811.53,20,29.3,3,Canada,Tablet,83,false
Sjk8HE,2/22/2024,11/28/2023,29.99,Basic,CreditCard,34,176,455.94,12,26.4,4,Brazil,Desktop,110,false
3T0Rq0,4/2/2024,9/7/2023,29.99,Basic,DebitCard,10,530,3663.51,1,29.9,7,Germany,Mobile,65,false
1M8UY2,3/8/2024,4/2/2024,79.99,Premium,CreditCard,10,5,4363.65,19,9.2,5,Japan,Tablet,154,true
of9pE0,2/22/2024,12/1/2023,59.99,Gold,DebitCard,29,424,662.68,12,16.9,4,Germany,Desktop,12,false
7pgY9V,5/11/2024,12/11/2023,29.99,Basic,DebitCard,1,238,2986.13,0,1.3,3,China,Desktop,142,true
K7d3L1,10/17/2023,1/11/2024,29.99,Basic,UPI,28,706,1729.83,14,44.9,10,Australia,Desktop,23,true
Q5lvLH,4/2/2024,2/7/2024,29.99,Basic,DebitCard,15,490,1276.01,15,7.3,4,USA,Mobile,151,true
R84aY5,5/6/2024,2/23/2024,29.99,Basic,DebitCard,25,627,2372.62,11,27.8,3,Germany,Mobile,183,false
fw1qEI,6/22/2024,8/1/2023,29.99,Basic,CreditCard,15,485,1744.53,17,41.0,7,UK,Mobile,82,false
CVE5SQ,2/6/2024,2/22/2024,59.99,Gold,CreditCard,22,786,1129.19,0,35.8,10,France,Tablet,140,true
Ogio4H,1/24/2024,3/16/2024,29.99,Basic,UPI,7,261,4276.75,1,12.7,1,USA,Desktop,84,false
XME109,7/17/2023,12/15/2023,59.99,Gold,CreditCard,32,159,2307.5,8,3.3,3,USA,Tablet,118,true
1KMKBn,5/8/2024,7/24/2023,79.99,Premium,UPI,19,298,2461.09,3,43.2,7,USA,Tablet,42,false
O18uVB,9/8/2023,5/13/2024,59.99,Gold,DebitCard,15,608,1849.47,20,2.0,3,France,Mobile,102,true
A6Q4M7,4/18/2024,11/30/2023,79.99,Premium,DebitCard,26,398,2107.47,1,7.1,6,UK,Mobile,128,true
6ko1JD,1/19/2024,5/31/2024,59.99,Gold,CreditCard,12,159,1642.87,4,10.3,6,France,Mobile,171,false
R9yP8O,4/2/2024,2/13/2024,29.99,Basic,UPI,30,491,1008.47,4,34.4,2,Canada,Desktop,47,false
oE4p7j,12/18/2023,4/6/2024,59.99,Gold,DebitCard,3,254,1401.46,10,3.6,6,Japan,Mobile,180,false
kxfMvo,4/17/2024,5/31/2024,29.99,Basic,DebitCard,16,985,985.27,16,22.0,4,China,Desktop,128,true
n9qC6J,3/5/2024,5/6/2024,59.99,Gold,CreditCard,27,962,714.44,4,39.7,1,China,Mobile,67,true
4p9eT2,7/15/2023,2/23/2024,59.99,Gold,UPI,7,339,2364.06,14,9.5,3,Brazil,Tablet,168,false
722FHW,8/12/2023,11/10/2023,29.99,Basic,CreditCard,27,286,2657.12,9,17.4,8,France,Desktop,195,false
Hj35M5,8/22/2023,4/21/2024,59.99,Gold,CreditCard,5,578,2037.47,2,47.8,1,USA,Mobile,14,true
v2nr1g,4/17/2024,10/27/2023,29.99,Basic,DebitCard,7,965,1510.1,12,13.1,1,Germany,Desktop,108,true
3qYlW5,3/24/2024,12/4/2023,29.99,Basic,CreditCard,16,257,3097.94,11,37.3,6,USA,Mobile,14,true
rN4AoG,6/16/2024,8/16/2023,59.99,Gold,CreditCard,36,676,2528.42,1,9.0,7,UK,Mobile,14,false
N3j2x2,2/5/2024,6/6/2024,59.99,Gold,CreditCard,36,554,4291.12,19,25.5,4,UK,Mobile,158,false
9Q7TRR,9/30/2023,4/7/2024,79.99,Premium,UPI,23,697,2857.03,13,19.7,4,Germany,Desktop,153,true
1qPZPx,11/27/2023,1/4/2024,29.99,Basic,DebitCard,27,871,2777.21,17,18.2,8,Germany,Mobile,67,false
HOEpk3,12/10/2023,8/28/2023,59.99,Gold,DebitCard,9,287,3320.3,2,6.4,8,Australia,Desktop,39,true
XvR40u,2/21/2024,4/10/2024,59.99,Gold,DebitCard,27,3,2842.16,15,16.2,1,USA,Tablet,117,true
Hxddx1,4/20/2024,10/4/2023,59.99,Gold,CreditCard,30,648,3052.83,16,20.4,4,France,Tablet,71,true
7lGW6p,12/4/2023,1/23/2024,29.99,Basic,DebitCard,15,776,4561.06,18,33.1,5,China,Desktop,37,false
L1ZlYs,11/7/2023,8/10/2023,29.99,Basic,DebitCard,16,258,122.32,13,45.5,7,France,Mobile,156,true
ZP4nL0,12/5/2023,2/7/2024,29.99,Basic,UPI,17,275,4644.4,4,32.2,6,Australia,Mobile,54,true
F48nWL,3/8/2024,9/17/2023,29.99,Basic,DebitCard,25,964,3192.89,13,27.9,3,Germany,Mobile,49,false
91Gu5Y,11/14/2023,7/17/2023,29.99,Basic,DebitCard,4,746,661.31,13,20.3,5,Germany,Tablet,191,false
n9Mi9O,6/12/2024,4/27/2024,29.99,Basic,DebitCard,32,422,2248.07,11,9.0,4,Brazil,Mobile,194,true
b9Cwuz,2/11/2024,6/17/2024,59.99,Gold,CreditCard,33,605,1275.11,19,33.9,9,Canada,Desktop,169,false
S6ucYm,2/12/2024,7/25/2023,29.99,Basic,DebitCard,23,272,607.56,4,14.6,7,Canada,Desktop,147,false
0nhl0J,4/6/2024,4/7/2024,29.99,Basic,DebitCard,30,884,4633.69,20,10.3,8,Germany,Desktop,188,true
5ElEi5,2/8/2024,12/18/2023,59.99,Gold,UPI,11,96,4526.52,15,8.0,1,UK,Mobile,66,false
6MjtI1,9/27/2023,8/23/2023,59.99,Gold,DebitCard,7,431,57.8,8,30.0,8,Canada,Tablet,86,false
3CzO6V,3/1/2024,6/11/2024,29.99,Basic,CreditCard,29,2,4258.22,6,24.8,1,UK,Tablet,38,false
N65Pn4,4/16/2024,5/25/2024,29.99,Basic,CreditCard,13,1,1893.28,7,20.2,9,Australia,Tablet,85,true
7j3H0v,12/9/2023,11/21/2023,29.99,Basic,UPI,22,949,3320.03,3,19.8,7,UK,Mobile,129,true
588o31,9/15/2023,9/6/2023,29.99,Basic,CreditCard,25,73,2100.82,18,6.5,2,USA,Mobile,32,false
06Z4ua,12/24/2023,8/11/2023,29.99,Basic,CreditCard,9,124,3376.31,17,31.1,1,Australia,Mobile,168,false
k0Ig26,8/5/2023,12/5/2023,29.99,Basic,CreditCard,25,125,1212.26,16,47.7,1,Germany,Mobile,148,false
auM9Pi,5/10/2024,6/29/2023,29.99,Basic,UPI,10,877,1867.11,8,19.0,2,USA,Tablet,81,false
